hhid,enum_date,plotid,fp_index,fp_id,zone,region,district,site,irrig_bin,area_est,seed_ha,seedtype,seedsource,seedexp_ha,seedexp_kg,seedprice_hybrid,seedprice_local,fertilizer_bin,input,amount,N,P,K,inputexp,power_exp_ha
N01010101,29-7-2017,1,569,18133006,N,Arusha,Arumeru,N010101,0,1.214056926,24.71053816137119,"improved, purchased",small trader,111197.42172617036,4500,4500,NA,NA,NA,NA,NA,NA,NA,NA,247105.3816137119
N01010102,28-7-2017,1,553,18097598,N,Arusha,Arumeru,N010101,1,0.404685642,NA,NA,NA,NA,NA,NA,NA,0,"Cow manure, NA","NA, NA",NA,NA,NA,0,197684.30529096953
N01010103,28-7-2017,1,554,18097601,N,Arusha,Arumeru,N010101,0,1.214056926,NA,NA,NA,NA,NA,NA,NA,NA,NA,NA,NA,NA,NA,NA,NA
N01010104,28-7-2017,1,560,18097678,N,Arusha,Arumeru,N010101,1,0.404685642,NA,NA,NA,NA,NA,NA,NA,NA,NA,NA,NA,NA,NA,NA,NA
N01010105,28-7-2017,1,559,18097668,N,Arusha,Arumeru,N010101,0,0.9105426945,NA,NA,NA,NA,NA,NA,NA,NA,NA,NA,NA,NA,NA,NA,NA
N01010106,28-7-2017,1,552,18097595,N,Arusha,Arumeru,N010101,1,0.404685642,NA,NA,NA,NA,NA,NA,NA,NA,NA,NA,NA,NA,NA,NA,NA
N01010107,29-7-2017,1,571,18133024,N,Arusha,Arumeru,N010101,1,0.809371284,24.71053816137119,"improved, purchased",stockist/ agent,234750.11253302632,9500,9500,NA,0,"Cow manure, NA","NA, NA",NA,NA,NA,0,197684.30529096953
N01010108,29-7-2017,1,570,18133009,N,Arusha,Arumeru,N010101,1,1.214056926,16.473692107580792,"improved, purchased",stockist/ agent,32947.38421516159,2000.0000000000005,2000.0000000000005,NA,0,"Cow manure, NA","NA, NA",NA,NA,NA,0,164736.92107580794
N01010201,28-7-2017,1,564,18099778,N,Arusha,Arumeru,N010102,0,0.3035142315,26.35790737212927,"local, purchased",other farmer,52715.81474425854,2000,NA,2000,0,"none, NA","NA, NA",0,0,0,0,65894.76843032318
N01010202,28-7-2017,1,567,18099828,N,Arusha,Arumeru,N010102,0,0.607028463,NA,NA,NA,NA,NA,NA,NA,0,"none, NA","NA, NA",0,0,0,0,NA
N01010203,28-7-2017,1,566,18099822,N,Arusha,Arumeru,N010102,0,0.809371284,NA,NA,NA,NA,NA,NA,NA,0,"none, NA","NA, NA",0,0,0,0,NA
N01010204,28-7-2017,1,568,18099834,N,Arusha,Arumeru,N010102,0,0.3035142315,NA,NA,NA,NA,NA,NA,NA,0,"none, NA","NA, NA",0,0,0,0,NA
N01010205,28-7-2017,1,565,18099818,N,Arusha,Arumeru,N010102,0,1.618742568,NA,NA,NA,NA,NA,NA,NA,0,"Cow manure, NA","NA, NA",NA,NA,NA,0,18532.903621028392
N01010206,28-7-2017,1,561,18097704,N,Arusha,Arumeru,N010102,0,0.607028463,NA,NA,NA,NA,NA,NA,NA,0,"none, NA","NA, NA",0,0,0,0,NA
N01010207,28-7-2017,1,562,18097706,N,Arusha,Arumeru,N010102,0,0.607028463,NA,NA,NA,NA,NA,NA,NA,0,"none, NA","NA, NA",0,0,0,0,NA
N01010208,28-7-2017,1,563,18099758,N,Arusha,Arumeru,N010102,0,1.214056926,NA,NA,NA,NA,NA,NA,NA,0,"none, NA","NA, NA",0,0,0,0,24710.53816137119
N01010301,29-7-2017,1,573,18175847,N,Arusha,Arumeru,N010103,0,0.3035142315,NA,NA,NA,NA,NA,NA,NA,0,"Compost-animal manure based, NA","NA, NA",NA,NA,NA,0,NA
N01010302,29-7-2017,1,572,18175842,N,Arusha,Arumeru,N010103,0,0.404685642,NA,NA,NA,NA,NA,NA,NA,0,"Compost-animal manure based, NA","1000, NA",NA,NA,NA,0,61776.34540342798
N01010303,29-7-2017,1,575,18175867,N,Arusha,Arumeru,N010103,0,0.607028463,NA,NA,NA,NA,NA,NA,NA,0,"none, NA","NA, NA",0,0,0,0,NA
N01010305,29-7-2017,1,577,18181311,N,Arusha,Arumeru,N010103,0,3.237485136,NA,NA,NA,NA,NA,NA,NA,0,"none, NA","NA, NA",0,0,0,0,148263.22896822714
N01010306,29-7-2017,1,574,18175860,N,Arusha,Arumeru,N010103,0,1.214056926,NA,NA,NA,NA,NA,NA,NA,1,"Urea, NA","150, NA",56.83423777115374,0,0,144000,74131.61448411357
N01010307,29-7-2017,1,579,18181435,N,Arusha,Arumeru,N010103,0,0.809371284,NA,NA,NA,NA,NA,NA,NA,0,"none, none","NA, 0",0,0,0,0,NA
N01010308,29-7-2017,1,578,18181433,N,Arusha,Arumeru,N010103,0,0.404685642,24.71053816137119,"local, recycled",small trader,148263.22896822714,NA,NA,NA,0,"none, NA","NA, NA",0,0,0,0,NA
N01020101,13-7-2017,1,402,17539406,N,Arusha,Karatu,N010201,0,0.404685642,NA,NA,NA,NA,NA,NA,NA,NA,NA,NA,NA,NA,NA,NA,86486.88356479917
N01020102,13-7-2017,1,399,17539341,N,Arusha,Karatu,N010201,0,0.5058570525,NA,NA,NA,NA,NA,NA,NA,0,"none, NA","NA, NA",0,0,0,0,NA
N01020103,12-7-2017,1,392,17497720,N,Arusha,Karatu,N010201,0,0.404685642,14.826322896822715,"improved, recycled",stockist/ agent,92664.51810514196,NA,NA,NA,NA,NA,NA,NA,NA,NA,NA,197684.30529096953
N01020104,12-7-2017,1,401,17539402,N,Arusha,Karatu,N010201,0,1.011714105,NA,NA,NA,NA,NA,NA,NA,NA,NA,NA,NA,NA,NA,NA,98842.15264548476
N01020105,13-7-2017,1,398,17539336,N,Arusha,Karatu,N010201,0,1.214056926,NA,NA,NA,NA,NA,NA,NA,0,"Cow manure, NA","8000, NA",NA,NA,NA,200000,172973.76712959833
N01020106,12-7-2017,1,393,17497742,N,Arusha,Karatu,N010201,0,0.809371284,18.532903621028392,"local, recycled",own production,0,NA,NA,NA,0,"none, NA","NA, NA",0,0,0,0,197684.30529096953
N01020107,12-7-2017,1,400,17539396,N,Arusha,Karatu,N010201,0,0.404685642,NA,NA,NA,NA,NA,NA,NA,NA,NA,NA,NA,NA,NA,NA,98842.15264548476
N01020108,12-7-2017,1,391,17496762,N,Arusha,Karatu,N010201,0,1.011714105,NA,NA,NA,NA,NA,NA,NA,NA,NA,NA,NA,NA,NA,NA,NA
N01020201,13-7-2017,1,404,17539884,N,Arusha,Karatu,N010202,0,1.214056926,NA,NA,NA,NA,NA,NA,NA,0,"none, NA","NA, NA",0,0,0,0,111197.42172617036
N01020202,13-7-2017,1,410,17540128,N,Arusha,Karatu,N010202,0,1.618742568,NA,NA,NA,NA,NA,NA,NA,0,"none, NA","NA, NA",0,0,0,0,197684.30529096953
N01020203,13-7-2017,1,412,17542354,N,Arusha,Karatu,N010202,0,0.404685642,19.768430529096953,"improved, purchased",small trader,118610.58317458171,6000,6000,NA,NA,NA,NA,NA,NA,NA,NA,123552.69080685596
N01020204,13-7-2017,1,409,17540112,N,Arusha,Karatu,N010202,0,1.618742568,NA,NA,NA,NA,NA,NA,NA,0,"none, NA","NA, NA",0,0,0,0,197684.30529096953
N01020205,13-7-2017,1,411,17542344,N,Arusha,Karatu,N010202,0,0.404685642,9.884215264548477,"improved, recycled",small trader,98842.15264548476,NA,NA,NA,NA,NA,NA,NA,NA,NA,NA,98842.15264548476
N01020206,13-7-2017,1,403,17539863,N,Arusha,Karatu,N010202,0,0.5058570525,NA,NA,NA,NA,NA,NA,NA,0,"none, NA","NA, NA",0,0,0,0,444789.68690468144
N01020207,13-7-2017,1,413,17542371,N,Arusha,Karatu,N010202,1,0.404685642,NA,NA,NA,NA,NA,NA,NA,NA,NA,NA,NA,NA,NA,NA,NA
N01020208,13-7-2017,1,414,17542373,N,Arusha,Karatu,N010202,0,0.607028463,NA,NA,NA,NA,NA,NA,NA,NA,NA,NA,NA,NA,NA,NA,65894.76843032318
N01020301,12-7-2017,1,395,17504709,N,Arusha,Karatu,N010203,0,1.416399747,NA,NA,NA,NA,NA,NA,NA,0,"none, NA","NA, NA",0,0,0,0,141203.07520783538
N01020302,13-7-2017,1,407,17540092,N,Arusha,Karatu,N010203,0,0.404685642,NA,NA,NA,NA,NA,NA,NA,0,"none, NA","NA, NA",0,0,0,0,74131.61448411357
N01020303,12-7-2017,1,397,17505164,N,Arusha,Karatu,N010203,0,1.416399747,NA,NA,NA,NA,NA,NA,NA,0,"none, NA","NA, NA",0,0,0,0,86486.88356479917
N01020304,12-7-2017,1,406,17540089,N,Arusha,Karatu,N010203,0,1.214056926,NA,NA,NA,NA,NA,NA,NA,0,"none, NA","NA, NA",0,0,0,0,172973.76712959833
N01020305,12-7-2017,1,405,17540050,N,Arusha,Karatu,N010203,0,2.02342821,NA,NA,NA,NA,NA,NA,NA,0,"none, NA","NA, NA",0,0,0,0,NA
N01020306,13-7-2017,1,408,17540099,N,Arusha,Karatu,N010203,0,1.214056926,NA,NA,NA,NA,NA,NA,NA,0,"none, NA","NA, NA",0,0,0,0,160618.49804891273
N01020307,12-7-2017,1,396,17504965,N,Arusha,Karatu,N010203,0,0.607028463,NA,NA,NA,NA,NA,NA,NA,0,"none, NA","NA, NA",0,0,0,0,255342.2276675023
N01020308,12-7-2017,1,394,17504644,N,Arusha,Karatu,N010203,0,1.821085389,NA,NA,NA,NA,NA,NA,NA,0,"none, NA","NA, NA",0,0,0,0,NA
N01030101,15-7-2017,1,429,17654167,N,Arusha,Monduli,N010301,0,0.404685642,49.42107632274238,"local, purchased",other farmer group,49421.07632274238,1000,NA,1000,NA,NA,NA,NA,NA,NA,NA,98842.15264548476
N01030102,15-7-2017,1,440,17655118,N,Arusha,Monduli,N010301,0,0.809371284,NA,NA,NA,NA,NA,NA,NA,0,"none, NA","NA, NA",0,0,0,0,86486.88356479917
N01030103,15-7-2017,1,448,17655170,N,Arusha,Monduli,N010301,0,0.5260913346,NA,NA,NA,NA,NA,NA,NA,0,"none, NA","NA, NA",0,0,0,0,NA
N01030104,15-7-2017,1,449,17655178,N,Arusha,Monduli,N010301,0,1.214056926,NA,NA,NA,NA,NA,NA,NA,0,"none, NA","NA, NA",0,0,0,0,NA
N01030105,15-7-2017,1,427,17654058,N,Arusha,Monduli,N010301,0,0.404685642,NA,NA,NA,NA,NA,NA,NA,0,"none, NA","NA, NA",0,0,0,0,160618.49804891273
N01030106,15-7-2017,1,428,17654137,N,Arusha,Monduli,N010301,0,1.618742568,NA,NA,NA,NA,NA,NA,NA,0,"none, NA","NA, NA",0,0,0,0,NA
N01030107,15-7-2017,1,439,17655116,N,Arusha,Monduli,N010301,0,0.809371284,NA,NA,NA,NA,NA,NA,NA,NA,NA,NA,NA,NA,NA,NA,86486.88356479917
N01030108,15-7-2017,1,430,17654205,N,Arusha,Monduli,N010301,0,0.404685642,49.42107632274238,"local, recycled",own production,0,NA,NA,NA,NA,NA,NA,NA,NA,NA,NA,98842.15264548476
N01030201,14-7-2017,1,420,17584112,N,Arusha,Monduli,N010302,0,0.607028463,16.473692107580792,"local, recycled",own production,0,NA,NA,NA,0,"none, NA","NA, NA",0,0,0,0,115315.84475306555
N01030203,14-7-2017,1,416,17582875,N,Arusha,Monduli,N010302,0,1.214056926,NA,NA,NA,NA,NA,NA,NA,0,"none, NA","NA, NA",0,0,0,0,160618.49804891273
N01030204,14-7-2017,1,417,17583404,N,Arusha,Monduli,N010302,0,0.404685642,NA,NA,NA,NA,NA,NA,NA,0,"none, NA","NA, NA",0,0,0,0,172973.76712959833
N01030205,14-7-2017,1,418,17583653,N,Arusha,Monduli,N010302,0,0.404685642,NA,NA,NA,NA,NA,NA,NA,0,"none, NA","NA, NA",0,0,0,0,95958.43284205275
N01030206,14-7-2017,1,415,17582867,N,Arusha,Monduli,N010302,0,2.832799494,NA,NA,NA,NA,NA,NA,NA,0,"none, NA","NA, NA",0,0,0,0,63541.38384352592
N01030207,14-7-2017,1,419,17584110,N,Arusha,Monduli,N010302,0,0.404685642,NA,"local, recycled",own production,0,NA,NA,NA,NA,NA,NA,NA,NA,NA,NA,NA
N01030301,15-7-2017,1,442,17655151,N,Arusha,Monduli,N010303,0,1.011714105,NA,NA,NA,NA,NA,NA,NA,0,"none, NA","NA, NA",0,0,0,0,74131.61448411357
N01030302,14-7-2017,1,421,17593311,N,Arusha,Monduli,N010303,0,1.011714105,9.884215264548477,"improved, purchased",small trader,61776.34540342798,6250,6250,NA,NA,NA,NA,NA,NA,NA,NA,69189.50685183934
N01030303,15-7-2017,1,425,17619555,N,Arusha,Monduli,N010303,0,1.011714105,13.837901370367867,"local, recycled",own production,0,NA,NA,NA,0,"none, NA","NA, NA",0,0,0,0,59305.291587290856
N01030304,14-7-2017,1,423,17593343,N,Arusha,Monduli,N010303,0,1.011714105,NA,NA,NA,NA,NA,NA,NA,0,"none, NA","NA, NA",0,0,0,0,NA
N01030305,14-7-2017,1,424,17593345,N,Arusha,Monduli,N010303,0,1.011714105,NA,NA,NA,NA,NA,NA,NA,0,"none, NA","NA, NA",0,0,0,0,49421.07632274238
N01030306,15-7-2017,1,444,17655155,N,Arusha,Monduli,N010303,0,1.011714105,NA,NA,NA,NA,NA,NA,NA,0,"none, NA","NA, NA",0,0,0,0,74131.61448411357
N01030307,15-7-2017,1,426,17619558,N,Arusha,Monduli,N010303,0,1.011714105,NA,NA,NA,NA,NA,NA,NA,0,"none, NA","NA, NA",0,0,0,0,74131.61448411357
N01030308,14-7-2017,1,422,17593313,N,Arusha,Monduli,N010303,0,0.809371284,12.355269080685595,"improved, purchased",small trader,77220.43175428497,6250.000000000001,6250.000000000001,NA,NA,NA,NA,NA,NA,NA,NA,74131.61448411357
N03010101,21-7-2017,1,486,17842737,N,Kilimanjaro,Hai,N030101,0,0.202342821,29.65264579364543,"improved, purchased",stockist/ agent,177915.87476187258,6000,6000,NA,1,"Urea, NA","50, NA",113.66847554230748,0,0,100000,NA
N03010102,21-7-2017,1,488,17842820,N,Kilimanjaro,Hai,N030101,0,0.1011714105,NA,NA,NA,NA,NA,NA,NA,1,"DAP, Urea","12, 10",66.8172951883477,23.722116634916347,0,15000,NA
N03010103,21-7-2017,1,484,17842574,N,Kilimanjaro,Hai,N030101,0,0.1011714105,NA,NA,NA,NA,NA,NA,NA,1,"Urea, NA","12.5, NA",56.83423777115374,0,0,12500,NA
N03010104,21-7-2017,1,485,17842581,N,Kilimanjaro,Hai,N030101,0,0.202342821,NA,NA,NA,NA,NA,NA,NA,1,"Urea, Cow manure","25, 1000",56.83423777115374,0,0,27500,NA
N03010105,21-7-2017,1,487,17842748,N,Kilimanjaro,Hai,N030101,0,0.1011714105,NA,NA,NA,NA,NA,NA,NA,0,"none, NA","NA, NA",0,0,0,0,NA
N03010106,21-7-2017,1,490,17843001,N,Kilimanjaro,Hai,N030101,0,0.1011714105,NA,NA,NA,NA,NA,NA,NA,1,"Urea, NA","20, NA",90.93478043384599,0,0,24000,NA
N03010107,21-7-2017,1,491,17843003,N,Kilimanjaro,Hai,N030101,0,0.1011714105,NA,NA,NA,NA,NA,NA,NA,1,"DAP, Urea","25, 25",NA,NA,0,59000,NA
N03010108,21-7-2017,1,489,17842836,N,Kilimanjaro,Hai,N030101,0,0.3035142315,NA,NA,NA,NA,NA,NA,NA,0,"none, NA","NA, NA",0,0,0,0,NA
N03010201,22-7-2017,1,499,17869972,N,Kilimanjaro,Hai,N030102,0,0.202342821,NA,NA,NA,NA,NA,NA,NA,1,"Urea, Cow manure","50, 1000",113.66847554230748,0,0,54000,74131.61448411357
N03010202,22-7-2017,1,497,17869134,N,Kilimanjaro,Hai,N030102,0,0.3035142315,NA,NA,NA,NA,NA,NA,NA,1,"Urea, NA","50, NA",75.77898369487166,0,0,45000,115315.84475306555
N03010203,22-7-2017,1,507,17871407,N,Kilimanjaro,Hai,N030102,0,1.214056926,NA,NA,NA,NA,NA,NA,NA,1,"Urea, NA","100, NA",37.88949184743583,0,0,100000,NA
N03010204,22-7-2017,1,503,17870377,N,Kilimanjaro,Hai,N030102,0,0.1011714105,NA,NA,NA,NA,NA,NA,NA,1,"YaraMila Cereal, NA","10, NA",22.733695108461497,9.884215264548477,4.942107632274238,38000,74131.61448411357
N03010205,22-7-2017,1,504,17870384,N,Kilimanjaro,Hai,N030102,1,0.404685642,NA,NA,NA,NA,NA,NA,NA,1,"YaraMila Cereal, NA","75, NA",42.625678328365304,18.532903621028392,9.266451810514196,120000,74131.61448411357
N03010206,22-7-2017,1,508,17871411,N,Kilimanjaro,Hai,N030102,0,0.202342821,NA,NA,NA,NA,NA,NA,NA,1,"Urea, NA","25, NA",56.83423777115374,0,0,25000,74131.61448411357
N03010207,22-7-2017,1,502,17870356,N,Kilimanjaro,Hai,N030102,0,0.809371284,NA,NA,NA,NA,NA,NA,NA,1,"Urea, NA","50, NA",28.41711888557687,0,0,52000,74131.61448411357
N03010208,22-7-2017,1,498,17869143,N,Kilimanjaro,Hai,N030102,0,0.404685642,NA,NA,NA,NA,NA,NA,NA,1,"Urea, NA","50, NA",56.83423777115374,0,0,45000,86486.88356479917
N03010301,22-7-2017,1,505,17870554,N,Kilimanjaro,Hai,N030103,0,0.404685642,24.71053816137119,"improved, purchased",stockist/ agent,148263.22896822714,6000,6000,NA,1,"Urea, NA","2500, NA",NA,0,0,48000,NA
N03010302,22-7-2017,1,500,17870305,N,Kilimanjaro,Hai,N030103,0,0.202342821,19.768430529096953,"improved, purchased",small trader,123552.69080685596,6250,6250,NA,1,"Urea, NA","50, NA",113.66847554230748,0,0,75000,NA
N03010303,22-7-2017,1,501,17870309,N,Kilimanjaro,Hai,N030103,0,0.202342821,49.42107632274238,"local, recycled",own production,0,NA,NA,NA,NA,NA,NA,NA,NA,NA,NA,NA
N03010304,21-7-2017,1,496,17845076,N,Kilimanjaro,Hai,N030103,0,0.809371284,4.324344178239958,"improved, purchased",small trader,51892.1301388795,12000,12000,NA,1,"Urea, NA","75, NA",42.625678328365304,0,0,282000,NA
N03010305,21-7-2017,1,493,17844967,N,Kilimanjaro,Hai,N030103,0,0.1011714105,NA,"improved, purchased",stockist/ agent,247105.3816137119,NA,NA,NA,0,"none, NA","NA, NA",0,0,0,0,NA
N03010306,21-7-2017,1,494,17844983,N,Kilimanjaro,Hai,N030103,0,0.1011714105,19.768430529096953,"improved, purchased",stockist/ agent,98842.15264548476,5000,5000,NA,NA,NA,NA,NA,NA,NA,NA,NA
N03010307,21-7-2017,1,495,17845021,N,Kilimanjaro,Hai,N030103,0,0.607028463,NA,NA,NA,NA,NA,NA,NA,NA,NA,NA,NA,NA,NA,NA,NA
N03010308,22-7-2017,1,506,17870562,N,Kilimanjaro,Hai,N030103,0,0.3035142315,13.178953686064634,"improved, purchased",stockist/ agent,158147.44423277563,12000.000000000002,12000.000000000002,NA,1,"Urea, NA","25, NA",37.88949184743583,0,0,24000,NA
N03020101,27-7-2017,1,546,18062858,N,Kilimanjaro,Moshi,N030201,1,0.404685642,9.884215264548477,"local, recycled",own production,0,NA,NA,NA,0,"Cow manure, NA","NA, NA",NA,NA,NA,0,98842.15264548476
N03020102,27-7-2017,1,547,18062861,N,Kilimanjaro,Moshi,N030201,1,0.3035142315,NA,NA,NA,NA,NA,NA,NA,1,"Cow manure, NA","NA, NA",NA,NA,NA,0,98842.15264548476
N03020103,27-7-2017,1,544,18062770,N,Kilimanjaro,Moshi,N030201,1,0.3035142315,NA,NA,NA,NA,NA,NA,NA,0,"none, NA","NA, NA",0,0,0,0,82368.46053790397
N03020104,27-7-2017,1,545,18062772,N,Kilimanjaro,Moshi,N030201,1,0.202342821,NA,NA,NA,NA,NA,NA,NA,NA,NA,NA,NA,NA,NA,NA,84015.82974866204
N03020105,27-7-2017,1,549,18062867,N,Kilimanjaro,Moshi,N030201,1,0.3035142315,12.520006001761402,"local, recycled","own production, other field",0,NA,NA,NA,0,"none, NA","NA, NA",0,0,0,0,NA
N03020106,27-7-2017,1,548,18062865,N,Kilimanjaro,Moshi,N030201,1,0.1011714105,NA,NA,NA,NA,NA,NA,NA,NA,NA,NA,NA,NA,NA,NA,247105.3816137119
N03020107,27-7-2017,1,543,18061055,N,Kilimanjaro,Moshi,N030201,1,0.404685642,NA,NA,NA,NA,NA,NA,NA,0,"none, NA","NA, NA",0,0,0,0,NA
N03020108,27-7-2017,1,551,18062874,N,Kilimanjaro,Moshi,N030201,1,1.011714105,NA,NA,NA,NA,NA,NA,NA,1,"Urea, NA","100, NA",45.46739021692299,0,0,92000,86486.88356479917
N03020201,27-7-2017,1,558,18097657,N,Kilimanjaro,Moshi,N030202,1,0.809371284,NA,NA,NA,NA,NA,NA,NA,NA,NA,NA,NA,NA,NA,NA,NA
N03020202,26-7-2017,1,555,18097640,N,Kilimanjaro,Moshi,N030202,1,0.5058570525,NA,NA,NA,NA,NA,NA,NA,NA,NA,NA,NA,NA,NA,NA,NA
N03020203,26-7-2017,1,556,18097642,N,Kilimanjaro,Moshi,N030202,1,0.1011714105,NA,NA,NA,NA,NA,NA,NA,1,"Urea, NA","25, NA",113.66847554230748,0,0,25000,395368.61058193905
N03020204,26-7-2017,1,537,18020312,N,Kilimanjaro,Moshi,N030202,1,0.404685642,NA,NA,NA,NA,NA,NA,NA,1,"Urea, NA","50, NA",56.83423777115374,0,0,160000,NA
N03020205,27-7-2017,1,542,18061028,N,Kilimanjaro,Moshi,N030202,0,0.404685642,24.71053816137119,"local, recycled",own production,0,NA,NA,NA,0,"none, NA","NA, NA",0,0,0,0,NA
N03020206,27-7-2017,1,557,18097649,N,Kilimanjaro,Moshi,N030202,1,1.214056926,NA,NA,NA,NA,NA,NA,NA,1,"Urea, NA","250, NA",94.72372961858956,0,0,225000,NA
N03020207,26-7-2017,1,536,18020309,N,Kilimanjaro,Moshi,N030202,1,0.404685642,NA,NA,NA,NA,NA,NA,NA,1,"Urea, NA","25, NA",28.41711888557687,0,0,30000,NA
N03020208,27-7-2017,1,541,18061004,N,Kilimanjaro,Moshi,N030202,1,1.214056926,NA,NA,NA,NA,NA,NA,NA,NA,NA,NA,NA,NA,NA,NA,NA
N03020301,27-7-2017,1,550,18062872,N,Kilimanjaro,Moshi,N030203,1,0.202342821,19.768430529096953,"improved, purchased",small trader,98842.15264548476,5000,5000,NA,0,"none, NA","NA, NA",0,0,0,0,98842.15264548476
N03020302,26-7-2017,1,538,18020854,N,Kilimanjaro,Moshi,N030203,1,1.214056926,NA,NA,NA,NA,NA,NA,NA,0,"none, NA","NA, NA",0,0,0,0,98842.15264548476
N03020303,26-7-2017,1,535,18019631,N,Kilimanjaro,Moshi,N030203,1,0.809371284,18.780009002642103,"local, recycled",own production,0,NA,NA,NA,1,"Foliar feeds, NA","NA, NA",NA,NA,NA,3500,NA
N03020304,26-7-2017,1,533,18019602,N,Kilimanjaro,Moshi,N030203,0,0.809371284,14.826322896822715,"local, recycled",own production,0,NA,NA,NA,0,"Cow manure, NA","4000, NA",NA,NA,NA,0,74131.61448411357
N03020305,26-7-2017,1,540,18020939,N,Kilimanjaro,Moshi,N030203,0,0.809371284,NA,NA,NA,NA,NA,NA,NA,1,"Urea, NA","50, NA",28.41711888557687,0,0,49000,98842.15264548476
N03020306,26-7-2017,1,534,18019629,N,Kilimanjaro,Moshi,N030203,1,1.214056926,NA,NA,NA,NA,NA,NA,NA,0,"none, NA","NA, NA",0,0,0,0,NA
N03020307,26-7-2017,1,532,18019497,N,Kilimanjaro,Moshi,N030203,0,0.607028463,NA,NA,NA,NA,NA,NA,NA,0,"none, NA","NA, NA",0,0,0,0,74131.61448411357
N03020308,26-7-2017,1,539,18020934,N,Kilimanjaro,Moshi,N030203,1,0.404685642,NA,NA,NA,NA,NA,NA,NA,1,"Urea, NA","50, NA",56.83423777115374,0,0,49000,98842.15264548476
N03030101,17-7-2017,1,435,17654509,N,Kilimanjaro,Mwanga,N030301,0,0.3035142315,NA,NA,NA,NA,NA,NA,NA,0,"none, NA","NA, NA",0,0,0,0,NA
N03030102,17-7-2017,1,452,17655203,N,Kilimanjaro,Mwanga,N030301,0,0.3035142315,NA,NA,NA,NA,NA,NA,NA,0,"none, NA","NA, NA",0,0,0,0,NA
N03030103,17-7-2017,1,433,17654340,N,Kilimanjaro,Mwanga,N030301,0,0.3035142315,9.884215264548477,"improved, purchased",small trader,59305.291587290856,6000,6000,NA,0,"none, NA","NA, NA",0,0,0,0,98842.15264548476
N03030104,17-7-2017,1,434,17654418,N,Kilimanjaro,Mwanga,N030301,0,0.1011714105,NA,NA,NA,NA,NA,NA,NA,NA,NA,NA,NA,NA,NA,NA,NA
N03030105,17-7-2017,1,446,17655161,N,Kilimanjaro,Mwanga,N030301,0,0.202342821,NA,NA,NA,NA,NA,NA,NA,NA,NA,NA,NA,NA,NA,NA,NA
N03030106,17-7-2017,1,447,17655164,N,Kilimanjaro,Mwanga,N030301,0,0.607028463,NA,NA,NA,NA,NA,NA,NA,0,"none, NA","NA, NA",0,0,0,0,98842.15264548476
N03030107,17-7-2017,1,438,17654966,N,Kilimanjaro,Mwanga,N030301,0,0.404685642,NA,NA,NA,NA,NA,NA,NA,NA,NA,NA,NA,NA,NA,NA,NA
N03030108,17-7-2017,1,436,17654514,N,Kilimanjaro,Mwanga,N030301,0,0.1011714105,NA,NA,NA,NA,NA,NA,NA,NA,NA,NA,NA,NA,NA,NA,NA
N03030201,17-7-2017,1,431,17654247,N,Kilimanjaro,Mwanga,N030302,0,0.404685642,34.59475342591966,"improved, purchased",stockist/ agent,177915.87476187258,5142.857142857143,5142.857142857143,NA,NA,NA,NA,NA,NA,NA,NA,98842.15264548476
N03030202,17-7-2017,1,450,17655192,N,Kilimanjaro,Mwanga,N030302,0,0.1011714105,NA,NA,NA,NA,NA,NA,NA,0,"none, NA","NA, NA",0,0,0,0,NA
N03030203,17-7-2017,1,443,17655154,N,Kilimanjaro,Mwanga,N030302,0,0.404685642,NA,NA,NA,NA,NA,NA,NA,NA,NA,NA,NA,NA,NA,NA,98842.15264548476
N03030204,17-7-2017,1,445,17655159,N,Kilimanjaro,Mwanga,N030302,0,0.404685642,19.768430529096953,"improved, purchased",stockist/ agent,118610.58317458171,6000,6000,NA,NA,NA,NA,NA,NA,NA,NA,NA
N03030205,17-7-2017,1,451,17655202,N,Kilimanjaro,Mwanga,N030302,0,0.3035142315,32.947384215161584,"improved, purchased",stockist/ agent,131789.53686064636,4000.000000000001,4000.000000000001,NA,0,"none, NA","NA, NA",0,0,0,0,131789.53686064636
N03030206,17-7-2017,1,432,17654261,N,Kilimanjaro,Mwanga,N030302,0,0.3035142315,32.947384215161584,"local, recycled",own production,0,NA,NA,NA,NA,NA,NA,NA,NA,NA,NA,131789.53686064636
N03030207,17-7-2017,1,441,17655124,N,Kilimanjaro,Mwanga,N030302,0,0.202342821,NA,NA,NA,NA,NA,NA,NA,0,"Cow manure, NA","NA, NA",NA,NA,NA,0,NA
N03030208,17-7-2017,1,437,17654959,N,Kilimanjaro,Mwanga,N030302,0,0.202342821,NA,"local, recycled",own production,0,NA,NA,NA,0,"none, NA","NA, NA",0,0,0,0,NA
N03030301,18-7-2017,1,453,17686724,N,Kilimanjaro,Mwanga,N030303,0,0.202342821,19.768430529096953,"improved, purchased",small trader,128494.79843913019,6499.999999999999,6499.999999999999,NA,0,"none, NA","NA, NA",0,0,0,0,NA
N03030302,18-7-2017,1,456,17686892,N,Kilimanjaro,Mwanga,N030303,0,0.5058570525,11.861058317458172,"improved, purchased",small trader,71166.34990474903,6000,6000,NA,0,"none, NA","NA, NA",0,0,0,0,49421.07632274238
N03030303,18-7-2017,1,454,17686776,N,Kilimanjaro,Mwanga,N030303,0,0.607028463,6.589476843032317,"improved, purchased",stockist/ agent,65894.76843032318,10000.000000000002,10000.000000000002,NA,NA,NA,NA,NA,NA,NA,NA,NA
N03030304,18-7-2017,1,457,17687144,N,Kilimanjaro,Mwanga,N030303,0,0.3035142315,NA,NA,NA,NA,NA,NA,NA,NA,NA,NA,NA,NA,NA,NA,65894.76843032318
N03030305,18-7-2017,1,455,17686816,N,Kilimanjaro,Mwanga,N030303,0,0.1011714105,NA,NA,NA,NA,NA,NA,NA,1,"Urea, NA","10, NA",45.46739021692299,0,0,NA,NA
N03030306,18-7-2017,1,459,17689526,N,Kilimanjaro,Mwanga,N030303,0,0.404685642,9.884215264548477,"improved, purchased",small trader,74131.61448411357,7499.999999999999,7499.999999999999,NA,NA,NA,NA,NA,NA,NA,NA,NA
N03030307,18-7-2017,1,458,17689449,N,Kilimanjaro,Mwanga,N030303,0,0.3035142315,NA,NA,NA,NA,NA,NA,NA,0,"none, NA","NA, NA",0,0,0,0,82368.46053790397
N03030308,18-7-2017,1,460,17689529,N,Kilimanjaro,Mwanga,N030303,0,0.404685642,24.71053816137119,"local, recycled",own production,0,NA,NA,NA,0,"none, NA","NA, NA",0,0,0,0,NA
N03040101,20-7-2017,1,483,17804393,N,Kilimanjaro,Rombo,N030401,0,0.404685642,NA,NA,NA,NA,NA,NA,NA,NA,NA,NA,NA,NA,NA,NA,NA
N03040102,19-7-2017,1,461,17747524,N,Kilimanjaro,Rombo,N030401,0,0.3035142315,NA,NA,NA,NA,NA,NA,NA,NA,NA,NA,NA,NA,NA,NA,NA
N03040103,20-7-2017,1,492,17844949,N,Kilimanjaro,Rombo,N030401,0,0.1011714105,NA,NA,NA,NA,NA,NA,NA,0,"none, NA","NA, NA",0,0,0,0,NA
N03040104,20-7-2017,1,482,17804364,N,Kilimanjaro,Rombo,N030401,0,0.3035142315,NA,NA,NA,NA,NA,NA,NA,0,"none, NA","NA, NA",0,0,0,0,NA
N03040105,19-7-2017,1,463,17748150,N,Kilimanjaro,Rombo,N030401,0,0.202342821,NA,NA,NA,NA,NA,NA,NA,NA,NA,NA,NA,NA,NA,NA,NA
N03040106,20-7-2017,1,477,17803614,N,Kilimanjaro,Rombo,N030401,0,0.404685642,NA,NA,NA,NA,NA,NA,NA,0,"none, NA","NA, NA",0,0,0,0,NA
N03040107,19-7-2017,1,462,17747663,N,Kilimanjaro,Rombo,N030401,0,0.404685642,NA,NA,NA,NA,NA,NA,NA,NA,NA,NA,NA,NA,NA,NA,NA
N03040108,19-7-2017,1,464,17748163,N,Kilimanjaro,Rombo,N030401,0,0.202342821,NA,NA,NA,NA,NA,NA,NA,0,"none, NA","NA, NA",0,0,0,0,NA
N03040201,20-7-2017,1,481,17803921,N,Kilimanjaro,Rombo,N030402,0,0.809371284,NA,NA,NA,NA,NA,NA,NA,0,"none, NA","NA, NA",0,0,0,0,NA
N03040202,20-7-2017,1,476,17782388,N,Kilimanjaro,Rombo,N030402,0,0.202342821,NA,NA,NA,NA,NA,NA,NA,0,"none, NA","NA, NA",0,0,0,0,NA
N03040203,20-7-2017,1,475,17782371,N,Kilimanjaro,Rombo,N030402,0,0.202342821,NA,NA,NA,NA,NA,NA,NA,NA,NA,NA,NA,NA,NA,NA,NA
N03040204,20-7-2017,1,478,17803747,N,Kilimanjaro,Rombo,N030402,0,0.3035142315,NA,NA,NA,NA,NA,NA,NA,NA,NA,NA,NA,NA,NA,NA,NA
N03040205,20-7-2017,1,479,17803859,N,Kilimanjaro,Rombo,N030402,0,0.404685642,NA,NA,NA,NA,NA,NA,NA,0,"none, NA","NA, NA",0,0,0,0,NA
N03040206,20-7-2017,1,480,17803868,N,Kilimanjaro,Rombo,N030402,0,0.3035142315,NA,NA,NA,NA,NA,NA,NA,NA,NA,NA,NA,NA,NA,NA,NA
N03040207,20-7-2017,1,471,17782125,N,Kilimanjaro,Rombo,N030402,0,0.1011714105,NA,NA,NA,NA,NA,NA,NA,NA,NA,NA,NA,NA,NA,NA,NA
N03040208,20-7-2017,1,472,17782136,N,Kilimanjaro,Rombo,N030402,0,0.1011714105,NA,NA,NA,NA,NA,NA,NA,NA,NA,NA,NA,NA,NA,NA,NA
N03040301,19-7-2017,1,469,17755079,N,Kilimanjaro,Rombo,N030403,0,0.607028463,NA,NA,NA,NA,NA,NA,NA,NA,NA,NA,NA,NA,NA,NA,NA
N03040302,19-7-2017,1,473,17782336,N,Kilimanjaro,Rombo,N030403,0,0.404685642,NA,NA,NA,NA,NA,NA,NA,0,"none, NA","NA, NA",0,0,0,0,NA
N03040303,19-7-2017,1,474,17782359,N,Kilimanjaro,Rombo,N030403,0,0.404685642,NA,NA,NA,NA,NA,NA,NA,0,"none, NA","NA, NA",0,0,0,0,NA
N03040304,19-7-2017,1,470,17755093,N,Kilimanjaro,Rombo,N030403,0,0.607028463,NA,NA,NA,NA,NA,NA,NA,NA,NA,NA,NA,NA,NA,NA,NA
N03040305,19-7-2017,1,465,17754806,N,Kilimanjaro,Rombo,N030403,0,0.404685642,NA,NA,NA,NA,NA,NA,NA,NA,NA,NA,NA,NA,NA,NA,NA
N03040306,19-7-2017,1,467,17754983,N,Kilimanjaro,Rombo,N030403,0,0.404685642,NA,NA,NA,NA,NA,NA,NA,NA,NA,NA,NA,NA,NA,NA,NA
N03040307,19-7-2017,1,468,17754995,N,Kilimanjaro,Rombo,N030403,0,0.404685642,NA,NA,NA,NA,NA,NA,NA,NA,NA,NA,NA,NA,NA,NA,98842.15264548476
N03040308,19-7-2017,1,466,17754817,N,Kilimanjaro,Rombo,N030403,0,0.7081998735,NA,NA,NA,NA,NA,NA,NA,0,"none, NA","NA, NA",0,0,0,0,NA
N03050101,24-7-2017,1,517,17929525,N,Kilimanjaro,Siha,N030501,0,2.1245996205,NA,NA,NA,NA,NA,NA,NA,1,"Urea, NA","200, NA",43.30227639706951,0,0,200000,58834.614669931405
N03050102,24-7-2017,1,515,17928517,N,Kilimanjaro,Siha,N030501,0,1.214056926,NA,NA,NA,NA,NA,NA,NA,1,"Herbicide, NA","NA, NA",NA,NA,NA,60000,74131.61448411357
N03050103,24-7-2017,1,513,17928508,N,Kilimanjaro,Siha,N030501,0,0.404685642,NA,NA,NA,NA,NA,NA,NA,1,"Urea, NA","50, NA",56.83423777115374,0,0,50000,123552.69080685596
N03050104,24-7-2017,1,518,17929561,N,Kilimanjaro,Siha,N030501,0,0.1214056926,NA,NA,NA,NA,NA,NA,NA,0,"Cow manure, NA","NA, NA",NA,NA,NA,0,NA
N03050105,24-7-2017,1,514,17928510,N,Kilimanjaro,Siha,N030501,0,1.618742568,NA,NA,NA,NA,NA,NA,NA,1,"Urea, NA","250, NA",71.04279721394217,0,0,280000,228572.4779926835
N03050106,24-7-2017,1,523,17976497,N,Kilimanjaro,Siha,N030501,0,2.832799494,NA,NA,NA,NA,NA,NA,NA,0,"none, NA","NA, NA",0,0,0,0,NA
N03050107,24-7-2017,1,516,17928521,N,Kilimanjaro,Siha,N030501,0,0.404685642,NA,NA,NA,NA,NA,NA,NA,1,"Herbicide, NA","NA, NA",NA,NA,NA,20000,49421.07632274238
N03050108,24-7-2017,1,522,17976484,N,Kilimanjaro,Siha,N030501,0,0.404685642,NA,NA,NA,NA,NA,NA,NA,0,"none, NA","NA, NA",0,0,0,0,123552.69080685596
N03050201,24-7-2017,1,512,17927886,N,Kilimanjaro,Siha,N030502,0,0.404685642,19.768430529096953,"improved, purchased",stockist/ agent,98842.15264548476,5000,5000,NA,1,"Urea, NA","2500, NA",NA,0,0,47000,NA
N03050202,24-7-2017,1,511,17927867,N,Kilimanjaro,Siha,N030502,0,0.404685642,9.884215264548477,"improved, purchased",small trader,59305.291587290856,6000,6000,NA,1,"Urea, NA","50, NA",56.83423777115374,0,0,60000,NA
N03050203,24-7-2017,1,509,17927817,N,Kilimanjaro,Siha,N030502,0,0.202342821,19.768430529096953,"local, recycled",own production,0,NA,NA,NA,1,"Urea, NA","2500, NA",NA,0,0,50000,NA
N03050204,25-7-2017,1,531,17983423,N,Kilimanjaro,Siha,N030502,0,0.809371284,24.71053816137119,"improved, purchased",stockist/ agent,148263.22896822714,6000,6000,NA,1,"Urea, NA","5000, NA",NA,0,0,100000,NA
N03050205,25-7-2017,1,530,17983382,N,Kilimanjaro,Siha,N030502,0,0.809371284,9.884215264548477,"improved, purchased",small trader,39536.86105819391,4000,4000,NA,0,"Cow manure, NA","2000, NA",NA,NA,NA,100000,49421.07632274238
N03050206,25-7-2017,1,519,17975697,N,Kilimanjaro,Siha,N030502,0,0.809371284,12.355269080685595,"improved, purchased",small trader,74131.61448411357,6000,6000,NA,1,"Urea, NA","100, NA",56.83423777115374,0,0,385000,172973.76712959833
N03050207,25-7-2017,1,529,17983379,N,Kilimanjaro,Siha,N030502,0,0.1011714105,NA,"improved, purchased",stockist/ agent,296526.4579364543,NA,NA,NA,NA,NA,NA,NA,NA,NA,NA,NA
N03050208,24-7-2017,1,510,17927849,N,Kilimanjaro,Siha,N030502,0,0.202342821,NA,NA,NA,NA,NA,NA,NA,1,"Urea, NA","1.05, NA",2.387037986388457,0,0,25000,NA
N03050301,25-7-2017,1,525,17976957,N,Kilimanjaro,Siha,N030503,0,0.3035142315,16.473692107580792,"improved, purchased",stockist/ agent,98842.15264548476,6000.000000000001,6000.000000000001,NA,1,"Urea, NA","25, NA",37.88949184743583,0,0,30000,59305.291587290856
N03050302,25-7-2017,1,526,17976958,N,Kilimanjaro,Siha,N030503,0,1.214056926,NA,NA,NA,NA,NA,NA,NA,1,"Urea, NA","150, NA",56.83423777115374,0,0,225000,172973.76712959833
N03050303,25-7-2017,1,521,17976453,N,Kilimanjaro,Siha,N030503,0,0.1011714105,NA,NA,NA,NA,NA,NA,NA,0,"none, NA","NA, NA",0,0,0,0,148263.22896822714
N03050304,25-7-2017,1,520,17976451,N,Kilimanjaro,Siha,N030503,0,0.3035142315,NA,NA,NA,NA,NA,NA,NA,1,"Urea, Herbicide","50, NA",75.77898369487166,0,0,57000,115315.84475306555
N03050305,25-7-2017,1,524,17976500,N,Kilimanjaro,Siha,N030503,0,0.3035142315,NA,NA,NA,NA,NA,NA,NA,1,"DAP, Urea","25, 50",90.60530659169437,16.473692107580792,0,100000,NA
N03050306,25-7-2017,1,576,18181307,N,Kilimanjaro,Siha,N030503,0,0.1011714105,NA,"improved, purchased",small trader,1581474.4423277562,NA,NA,NA,1,"Cow manure, Urea","1000, 50",NA,NA,NA,105000,NA
N03050307,25-7-2017,1,528,17977595,N,Kilimanjaro,Siha,N030503,0,0.404685642,NA,NA,NA,NA,NA,NA,NA,1,"Urea, NA","50, NA",56.83423777115374,0,0,NA,49421.07632274238
N03050308,25-7-2017,1,527,17977593,N,Kilimanjaro,Siha,N030503,0,0.3035142315,NA,NA,NA,NA,NA,NA,NA,1,"Urea, NA","25, NA",37.88949184743583,0,0,24000,115315.84475306555
N04010101,22-5-2017,1,213,15897614,N,Manyara,Babati,N040101,0,0.404685642,29.65264579364543,"improved, purchased",small trader,118610.58317458171,3999.9999999999995,3999.9999999999995,NA,0,"none, NA","NA, NA",0,0,0,0,NA
N04010102,22-5-2017,1,212,15897589,N,Manyara,Babati,N040101,0,0.7081998735,NA,NA,NA,NA,NA,NA,NA,NA,NA,NA,NA,NA,NA,NA,127082.76768705183
N04010103,22-5-2017,1,217,15899408,N,Manyara,Babati,N040101,0,0.202342821,NA,NA,NA,NA,NA,NA,NA,0,"none, NA","NA, NA",0,0,0,0,NA
N04010104,22-5-2017,1,229,15913058,N,Manyara,Babati,N040101,0,0.404685642,NA,NA,NA,NA,NA,NA,NA,0,"none, NA","NA, NA",0,0,0,0,111197.42172617036
N04010105,22-5-2017,1,228,15913054,N,Manyara,Babati,N040101,0,0.3035142315,NA,NA,NA,NA,NA,NA,NA,0,"none, NA","NA, NA",0,0,0,0,98842.15264548476
N04010106,22-5-2017,1,216,15899367,N,Manyara,Babati,N040101,0,0.1011714105,NA,NA,NA,NA,NA,NA,NA,0,"none, NA","NA, NA",0,0,0,0,247105.3816137119
N04010107,22-5-2017,1,214,15899012,N,Manyara,Babati,N040101,1,0.3035142315,NA,NA,NA,NA,NA,NA,NA,NA,NA,NA,NA,NA,NA,NA,NA
N04010108,22-5-2017,1,215,15899089,N,Manyara,Babati,N040101,1,0.3035142315,NA,NA,NA,NA,NA,NA,NA,NA,NA,NA,NA,NA,NA,NA,NA
N04010201,22-5-2017,1,232,15915962,N,Manyara,Babati,N040102,0,0.3035142315,NA,NA,NA,NA,NA,NA,NA,NA,NA,NA,NA,NA,NA,NA,NA
N04010202,22-5-2017,1,233,15915964,N,Manyara,Babati,N040102,0,0.404685642,NA,NA,NA,NA,NA,NA,NA,0,"none, NA","NA, NA",0,0,0,0,NA
N04010203,22-5-2017,1,227,15912558,N,Manyara,Babati,N040102,0,0.404685642,NA,NA,NA,NA,NA,NA,NA,0,"Cow manure, NA","NA, NA",NA,NA,NA,0,74131.61448411357
N04010204,22-5-2017,1,230,15913732,N,Manyara,Babati,N040102,0,1.214056926,NA,NA,NA,NA,NA,NA,NA,0,"none, NA","NA, NA",0,0,0,0,111197.42172617036
N04010205,22-5-2017,1,235,15916388,N,Manyara,Babati,N040102,0,0.404685642,NA,NA,NA,NA,NA,NA,NA,NA,NA,NA,NA,NA,NA,NA,NA
N04010206,22-5-2017,1,234,15916386,N,Manyara,Babati,N040102,0,0.809371284,NA,NA,NA,NA,NA,NA,NA,NA,NA,NA,NA,NA,NA,NA,NA
N04010207,22-5-2017,1,226,15912549,N,Manyara,Babati,N040102,0,0.5058570525,NA,NA,NA,NA,NA,NA,NA,0,"none, NA","NA, NA",0,0,0,0,49421.07632274238
N04010208,22-5-2017,1,231,15913763,N,Manyara,Babati,N040102,0,1.214056926,NA,NA,NA,NA,NA,NA,NA,0,"none, NA","NA, NA",0,0,0,0,NA
N04010301,22-5-2017,1,225,15908173,N,Manyara,Babati,N040103,0,0.404685642,19.768430529096953,"improved, purchased",small trader,118610.58317458171,6000,6000,NA,NA,NA,NA,NA,NA,NA,NA,259460.6506943975
N04010302,22-5-2017,1,220,15907827,N,Manyara,Babati,N040103,0,2.02342821,NA,NA,NA,NA,NA,NA,NA,0,"none, NA","NA, NA",0,0,0,0,185329.03621028393
N04010303,22-5-2017,1,222,15907975,N,Manyara,Babati,N040103,0,0.404685642,29.65264579364543,"improved, purchased",stockist/ agent,207568.520555518,6999.999999999999,6999.999999999999,NA,0,"none, NA","NA, NA",0,0,0,0,630118.7231149654
N04010304,22-5-2017,1,221,15907841,N,Manyara,Babati,N040103,0,0.809371284,NA,NA,NA,NA,NA,NA,NA,0,"none, NA","NA, NA",0,0,0,0,NA
N04010305,22-5-2017,1,218,15907307,N,Manyara,Babati,N040103,0,0.404685642,24.71053816137119,"improved, purchased",stockist/ agent,185329.03621028393,7500,7500,NA,1,"SA (21:0:0), NA","50, NA",25.94606506943975,0,0,40000,111197.42172617036
N04010306,22-5-2017,1,224,15908166,N,Manyara,Babati,N040103,0,1.011714105,9.884215264548477,"improved, purchased",small trader,118610.58317458171,12000,12000,NA,NA,NA,NA,NA,NA,NA,NA,74131.61448411357
N04010307,22-5-2017,1,219,15907317,N,Manyara,Babati,N040103,0,0.404685642,NA,NA,NA,NA,NA,NA,NA,NA,NA,NA,NA,NA,NA,NA,222394.84345234072
N04010308,22-5-2017,1,223,15907986,N,Manyara,Babati,N040103,0,1.214056926,19.768430529096953,"improved, purchased",stockist/ agent,123552.69080685596,6250,6250,NA,0,"none, NA","NA, NA",0,0,0,0,250400.12003522806
N04020102,23-5-2017,1,236,15959100,N,Manyara,Hanang,N040201,0,0.404685642,14.826322896822715,"local, recycled",own production,0,NA,NA,NA,0,"none, NA","NA, NA",0,0,0,0,96371.09882934764
N04020103,23-5-2017,1,238,15959450,N,Manyara,Hanang,N040201,0,0.3035142315,NA,NA,NA,NA,NA,NA,NA,0,"none, NA","NA, NA",0,0,0,0,NA
N04020105,23-5-2016,1,237,15959122,N,Manyara,Hanang,N040201,0,0.809371284,9.884215264548477,"improved, purchased",small trader,59305.291587290856,6000,6000,NA,0,"none, NA","NA, NA",0,0,0,0,NA
N04020106,23-5-2017,1,243,15971989,N,Manyara,Hanang,N040201,0,0.607028463,16.473692107580792,"improved, purchased",other,69189.50685183934,4200.000000000001,4200.000000000001,NA,0,"none, NA","NA, NA",0,0,0,0,NA
N04020107,23-5-2017,1,242,15971957,N,Manyara,Hanang,N040201,0,0.809371284,24.71053816137119,"improved, purchased",other,103784.260277759,4200,4200,NA,0,"none, NA","NA, NA",0,0,0,0,NA
N04020108,23-5-2017,1,241,15971888,N,Manyara,Hanang,N040201,0,0.3035142315,NA,NA,NA,NA,NA,NA,NA,0,"none, NA","NA, NA",0,0,0,0,NA
N04020201,23-5-2017,1,255,15974200,N,Manyara,Hanang,N040202,0,0.607028463,NA,NA,NA,NA,NA,NA,NA,0,"none, NA","NA, NA",0,0,0,0,NA
N04020202,23-5-2017,1,257,15974218,N,Manyara,Hanang,N040202,0,0.5058570525,NA,NA,NA,NA,NA,NA,NA,0,"none, NA","NA, NA",0,0,0,0,118610.58317458171
N04020203,23-5-2017,1,256,15974201,N,Manyara,Hanang,N040202,0,0.809371284,NA,NA,NA,NA,NA,NA,NA,0,"none, NA","NA, NA",0,0,0,0,NA
N04020204,23-5-2017,1,240,15965110,N,Manyara,Hanang,N040202,0,1.011714105,NA,NA,NA,NA,NA,NA,NA,0,"Cow manure, NA","NA, NA",NA,NA,NA,0,98842.15264548476
N04020205,23-5-2017,1,252,15973517,N,Manyara,Hanang,N040202,0,1.214056926,NA,NA,NA,NA,NA,NA,NA,NA,NA,NA,NA,NA,NA,NA,NA
N04020206,23-5-2017,1,253,15973543,N,Manyara,Hanang,N040202,0,0.809371284,NA,NA,NA,NA,NA,NA,NA,NA,NA,NA,NA,NA,NA,NA,NA
N04020207,23-5-2017,1,254,15974197,N,Manyara,Hanang,N040202,0,0.5058570525,NA,NA,NA,NA,NA,NA,NA,NA,NA,NA,NA,NA,NA,NA,NA
N04020208,23-5-2017,1,239,15965107,N,Manyara,Hanang,N040202,0,1.011714105,NA,NA,NA,NA,NA,NA,NA,0,"none, NA","NA, NA",0,0,0,0,74131.61448411357
N04020301,23-5-2017,1,245,15972534,N,Manyara,Hanang,N040203,0,0.4856227704,NA,"improved, purchased",stockist/ agent,1124329.4863423891,NA,NA,NA,0,"none, NA","NA, NA",0,0,0,0,1976843.0529096953
N04020302,23-5-2017,1,248,15973036,N,Manyara,Hanang,N040203,0,0.404685642,14.826322896822715,"improved, purchased",small trader,85251.35665673061,5750,5750,NA,NA,NA,NA,NA,NA,NA,NA,185329.03621028393
N04020303,23-5-2017,1,244,15972528,N,Manyara,Hanang,N040203,0,3.237485136,18.780009002642103,"local, recycled",own production,0,NA,NA,NA,1,"none, NA","NA, NA",0,0,0,0,NA
N04020304,23-5-2017,1,251,15973094,N,Manyara,Hanang,N040203,0,0.809371284,18.780009002642103,"local, recycled",own production,0,NA,NA,NA,NA,NA,NA,NA,NA,NA,NA,NA
N04020305,23-5-2017,1,250,15973040,N,Manyara,Hanang,N040203,0,0.607028463,NA,NA,NA,NA,NA,NA,NA,0,"none, NA","NA, NA",0,0,0,0,NA
N04020306,23-5-2017,1,246,15972822,N,Manyara,Hanang,N040203,0,0.607028463,NA,NA,NA,NA,NA,NA,NA,NA,NA,NA,NA,NA,NA,NA,98842.15264548476
N04020307,23-5-2017,1,249,15973038,N,Manyara,Hanang,N040203,0,1.011714105,5.930529158729086,"improved, purchased",stockist/ agent,20756.8520555518,3500,3500,NA,0,"none, NA","NA, NA",0,0,0,0,24710.53816137119
N04020308,23-5-2017,1,247,15972826,N,Manyara,Hanang,N040203,0,1.214056926,NA,NA,NA,NA,NA,NA,NA,NA,NA,NA,NA,NA,NA,NA,NA
N04030101,26-5-2017,1,282,16131893,N,Manyara,Kiteto,N040301,0,1.618742568,NA,NA,NA,NA,NA,NA,NA,0,"none, NA","NA, NA",0,0,0,0,61776.34540342798
N04030102,26-5-2017,1,286,16132015,N,Manyara,Kiteto,N040301,0,0.809371284,NA,NA,NA,NA,NA,NA,NA,0,"none, NA","NA, NA",0,0,0,0,61776.34540342798
N04030103,26-5-2017,1,285,16132012,N,Manyara,Kiteto,N040301,0,0.404685642,NA,NA,NA,NA,NA,NA,NA,0,"none, NA","NA, NA",0,0,0,0,617763.4540342798
N04030104,26-5-2017,1,297,16156806,N,Manyara,Kiteto,N040301,0,3.844513599,NA,"improved, purchased",small trader,13265.657328736113,NA,NA,NA,0,"none, NA","NA, NA",0,0,0,0,61776.34540342798
N04030105,26-5-2017,1,298,16156809,N,Manyara,Kiteto,N040301,0,0.809371284,NA,NA,NA,NA,NA,NA,NA,0,"none, NA","NA, NA",0,0,0,0,370658.07242056786
N04030107,26-5-2017,1,300,16156948,N,Manyara,Kiteto,N040301,0,1.0926512334,NA,NA,NA,NA,NA,NA,NA,0,"none, NA","NA, NA",0,0,0,0,617763.4540342798
N04030201,26-5-2017,1,291,16153373,N,Manyara,Kiteto,N040302,0,0.404685642,NA,NA,NA,NA,NA,NA,NA,0,"none, NA","NA, NA",0,0,0,0,1235526.9080685596
N04030202,26-5-2017,1,295,16153574,N,Manyara,Kiteto,N040302,0,1.821085389,NA,NA,NA,NA,NA,NA,NA,0,"none, NA","NA, NA",0,0,0,0,65894.76843032318
N04030203,26-5-2017,1,293,16153524,N,Manyara,Kiteto,N040302,0,0.4856227704,NA,NA,NA,NA,NA,NA,NA,NA,NA,NA,NA,NA,NA,NA,NA
N04030204,26-5-2017,1,292,16153520,N,Manyara,Kiteto,N040302,0,2.428113852,NA,NA,NA,NA,NA,NA,NA,0,"none, NA","NA, NA",0,0,0,0,NA
N04030205,26-5-2017,1,294,16153567,N,Manyara,Kiteto,N040302,0,0.809371284,NA,NA,NA,NA,NA,NA,NA,0,"none, NA","NA, NA",0,0,0,0,716605.6066797645
N04030301,26-5-2017,1,277,16131751,N,Manyara,Kiteto,N040303,0,2.832799494,NA,NA,NA,NA,NA,NA,NA,NA,NA,NA,NA,NA,NA,NA,NA
N04030302,26-5-2017,1,279,16131778,N,Manyara,Kiteto,N040303,0,0.404685642,NA,NA,NA,NA,NA,NA,NA,NA,NA,NA,NA,NA,NA,NA,617763.4540342798
N04030303,26-5-2017,1,290,16152716,N,Manyara,Kiteto,N040303,0,1.0521826692,NA,NA,NA,NA,NA,NA,NA,0,"none, NA","NA, NA",0,0,0,0,712803.985424169
N04030304,26-5-2017,1,289,16152713,N,Manyara,Kiteto,N040303,0,0.404685642,NA,NA,NA,NA,NA,NA,NA,0,"none, NA","NA, NA",0,0,0,0,NA
N04030305,26-5-2017,1,278,16131772,N,Manyara,Kiteto,N040303,0,2.832799494,NA,NA,NA,NA,NA,NA,NA,NA,NA,NA,NA,NA,NA,NA,86486.88356479917
N04030306,26-5-2017,1,276,16131748,N,Manyara,Kiteto,N040303,0,2.02342821,NA,NA,NA,NA,NA,NA,NA,NA,NA,NA,NA,NA,NA,NA,NA
N04030307,26-5-2017,1,281,16131846,N,Manyara,Kiteto,N040303,0,0.404685642,29.65264579364543,"improved, recycled",small trader,160618.49804891273,NA,NA,NA,NA,NA,NA,NA,NA,NA,NA,741316.1448411357
N04030308,26-5-2017,1,280,16131838,N,Manyara,Kiteto,N040303,0,0.607028463,NA,"local, recycled",own production,0,NA,NA,NA,NA,NA,NA,NA,NA,NA,NA,527158.1474425854
N04040101,24-5-2017,1,287,16132197,N,Manyara,Mbulu,N040401,0,0.404685642,NA,NA,NA,NA,NA,NA,NA,0,"none, NA","NA, NA",0,0,0,0,123552.69080685596
N04040102,24-5-2017,1,296,16156805,N,Manyara,Mbulu,N040401,0,0.404685642,NA,NA,NA,NA,NA,NA,NA,0,"none, NA","NA, NA",0,0,0,0,NA
N04040103,24-5-2017,1,267,16067830,N,Manyara,Mbulu,N040401,0,0.809371284,NA,NA,NA,NA,NA,NA,NA,0,"Cow manure, NA","NA, NA",NA,NA,NA,0,NA
N04040104,24-5-2017,1,283,16131942,N,Manyara,Mbulu,N040401,0,0.809371284,NA,NA,NA,NA,NA,NA,NA,0,"none, NA","NA, NA",0,0,0,0,61776.34540342798
N04040105,24-5-2017,1,299,16156860,N,Manyara,Mbulu,N040401,0,0.404685642,NA,NA,NA,NA,NA,NA,NA,0,"none, NA","NA, NA",0,0,0,0,NA
N04040106,24-5-2017,1,288,16132223,N,Manyara,Mbulu,N040401,0,0.7081998735,NA,NA,NA,NA,NA,NA,NA,0,"none, NA","NA, NA",0,0,0,0,NA
N04040107,24-5-2017,1,266,16067823,N,Manyara,Mbulu,N040401,0,0.809371284,NA,NA,NA,NA,NA,NA,NA,0,"none, NA","NA, NA",0,0,0,0,123552.69080685596
N04040108,24-5-2017,1,284,16131951,N,Manyara,Mbulu,N040401,0,1.618742568,NA,NA,NA,NA,NA,NA,NA,0,"none, NA","NA, NA",0,0,0,0,NA
N04040201,24-5-2017,1,270,16069285,N,Manyara,Mbulu,N040402,0,0.404685642,NA,NA,NA,NA,NA,NA,NA,0,"none, NA","NA, NA",0,0,0,0,NA
N04040202,24-5-2017,1,274,16069577,N,Manyara,Mbulu,N040402,0,0.404685642,NA,NA,NA,NA,NA,NA,NA,0,"none, NA","NA, NA",0,0,0,0,NA
N04040203,24-5-2017,1,273,16069575,N,Manyara,Mbulu,N040402,0,1.214056926,NA,NA,NA,NA,NA,NA,NA,0,"none, NA","NA, NA",0,0,0,0,NA
N04040204,24-5-2017,1,272,16069409,N,Manyara,Mbulu,N040402,0,1.011714105,NA,NA,NA,NA,NA,NA,NA,0,"none, NA","NA, NA",0,0,0,0,148263.22896822714
N04040205,24-5-2017,1,271,16069403,N,Manyara,Mbulu,N040402,0,0.5058570525,NA,NA,NA,NA,NA,NA,NA,0,"none, NA","NA, NA",0,0,0,0,NA
N04040206,24-5-2017,1,268,16069065,N,Manyara,Mbulu,N040402,0,0.404685642,NA,NA,NA,NA,NA,NA,NA,0,"Cow manure, NA","NA, NA",NA,NA,NA,0,NA
N04040207,24-5-2017,1,275,16069672,N,Manyara,Mbulu,N040402,0,0.809371284,NA,NA,NA,NA,NA,NA,NA,NA,NA,NA,NA,NA,NA,NA,NA
N04040208,24-5-2017,1,269,16069284,N,Manyara,Mbulu,N040402,0,0.404685642,NA,NA,NA,NA,NA,NA,NA,0,"Cow manure, NA","NA, NA",NA,NA,NA,0,0
N04040301,24-5-2017,1,259,16027867,N,Manyara,Mbulu,N040403,0,0.3035142315,13.178953686064634,"local, recycled",own production,0,NA,NA,NA,NA,NA,NA,NA,NA,NA,NA,NA
N04040302,24-5-2017,1,265,16027913,N,Manyara,Mbulu,N040403,0,1.618742568,NA,NA,NA,NA,NA,NA,NA,0,"none, NA","NA, NA",0,0,0,0,123552.69080685596
N04040303,24-5-2017,1,260,16027870,N,Manyara,Mbulu,N040403,0,1.416399747,2.8240615041567074,"improved, purchased",small trader,105902.30640587653,NA,NA,NA,NA,NA,NA,NA,NA,NA,NA,NA
N04040304,24-5-2017,1,258,16027863,N,Manyara,Mbulu,N040403,0,0.404685642,NA,"improved, purchased",stockist/ agent,148263.22896822714,NA,NA,NA,0,"none, NA","NA, NA",0,0,0,0,NA
N04040305,24-5-2017,1,264,16027908,N,Manyara,Mbulu,N040403,0,1.214056926,NA,NA,NA,NA,NA,NA,NA,NA,NA,NA,NA,NA,NA,NA,123552.69080685596
N04040306,24-5-2017,1,261,16027872,N,Manyara,Mbulu,N040403,0,0.809371284,24.71053816137119,"local, recycled",own production,0,NA,NA,NA,NA,NA,NA,NA,NA,NA,NA,NA
N04040307,24-5-2017,1,262,16027878,N,Manyara,Mbulu,N040403,0,1.214056926,8.236846053790396,"improved, purchased",stockist/ agent,98842.15264548476,12000.000000000002,12000.000000000002,NA,0,"none, NA","NA, NA",0,0,0,0,NA
N04040308,24-5-2017,1,263,16027879,N,Manyara,Mbulu,N040403,0,1.618742568,19.768430529096953,"improved, purchased",stockist/ agent,118610.58317458171,6000,6000,NA,0,"none, NA","NA, NA",0,0,0,0,123552.69080685596
S02010101,20-5-2017,1,195,15835067,S,Iringa,Iringa Rural,S020101,0,2.428113852,12.520006001761402,"local, recycled",own production,0,NA,NA,NA,0,"none, NA","NA, NA",0,0,0,0,NA
S02010102,20-5-2017,1,194,15835044,S,Iringa,Iringa Rural,S020101,0,2.832799494,NA,NA,NA,NA,NA,NA,NA,NA,NA,NA,NA,NA,NA,NA,NA
S02010103,20-5-2017,1,211,15850722,S,Iringa,Iringa Rural,S020101,0,1.0521826692,NA,NA,NA,NA,NA,NA,NA,NA,NA,NA,NA,NA,NA,NA,NA
S02010104,20-5-2017,1,208,15850631,S,Iringa,Iringa Rural,S020101,0,0.404685642,NA,NA,NA,NA,NA,NA,NA,NA,NA,NA,NA,NA,NA,NA,NA
S02010105,20-5-2017,1,210,15850719,S,Iringa,Iringa Rural,S020101,0,0.404685642,NA,NA,NA,NA,NA,NA,NA,NA,NA,NA,NA,NA,NA,NA,NA
S02010106,20-5-2017,1,209,15850636,S,Iringa,Iringa Rural,S020101,0,1.821085389,NA,NA,NA,NA,NA,NA,NA,0,"none, NA","NA, NA",0,0,0,0,NA
S02010107,20-5-2017,1,197,15835128,S,Iringa,Iringa Rural,S020101,0,1.011714105,NA,NA,NA,NA,NA,NA,NA,NA,NA,NA,NA,NA,NA,NA,NA
S02010108,20-5-2017,1,196,15835124,S,Iringa,Iringa Rural,S020101,0,2.02342821,NA,NA,NA,NA,NA,NA,NA,0,"none, NA","NA, NA",0,0,0,0,74131.61448411357
S02010201,20-5-2017,1,198,15838149,S,Iringa,Iringa Rural,S020102,0,1.618742568,NA,NA,NA,NA,NA,NA,NA,0,"none, NA","NA, NA",0,0,0,0,NA
S02010202,20-5-2017,1,202,15838260,S,Iringa,Iringa Rural,S020102,0,1.214056926,NA,NA,NA,NA,NA,NA,NA,0,"none, NA","NA, NA",0,0,0,0,NA
S02010203,20-5-2017,1,205,15839906,S,Iringa,Iringa Rural,S020102,0,2.02342821,NA,NA,NA,NA,NA,NA,NA,NA,NA,NA,NA,NA,NA,NA,NA
S02010204,20-5-2017,1,203,15838293,S,Iringa,Iringa Rural,S020102,0,1.214056926,NA,NA,NA,NA,NA,NA,NA,NA,NA,NA,NA,NA,NA,NA,NA
S02010205,20-5-2017,1,206,15839912,S,Iringa,Iringa Rural,S020102,0,0.7081998735,NA,NA,NA,NA,NA,NA,NA,0,"none, NA","NA, NA",0,0,0,0,NA
S02010206,20-5-2017,1,199,15838158,S,Iringa,Iringa Rural,S020102,0,0.7081998735,NA,NA,NA,NA,NA,NA,NA,NA,NA,NA,NA,NA,NA,NA,NA
S02010207,20-5-2017,1,207,15840122,S,Iringa,Iringa Rural,S020102,0,0.809371284,NA,NA,NA,NA,NA,NA,NA,0,"none, NA","NA, NA",0,0,0,0,74131.61448411357
S02010208,20-5-2017,1,204,15838294,S,Iringa,Iringa Rural,S020102,0,2.832799494,NA,NA,NA,NA,NA,NA,NA,0,"none, NA","NA, NA",0,0,0,0,NA
S02010301,20-5-2017,1,191,15814779,S,Iringa,Iringa Rural,S020103,0,1.214056926,25.040012003522804,"local, recycled",own production,0,NA,NA,NA,0,"none, NA","NA, NA",0,0,0,0,123552.69080685596
S02010302,20-5-2017,1,190,15814776,S,Iringa,Iringa Rural,S020103,0,0.809371284,NA,NA,NA,NA,NA,NA,NA,NA,NA,NA,NA,NA,NA,NA,NA
S02010303,20-5-2017,1,193,15814791,S,Iringa,Iringa Rural,S020103,0,3.237485136,NA,NA,NA,NA,NA,NA,NA,NA,NA,NA,NA,NA,NA,NA,NA
S02010304,20-5-2017,1,189,15814728,S,Iringa,Iringa Rural,S020103,0,1.618742568,23.47501125330263,"local, recycled",own production,0,NA,NA,NA,NA,NA,NA,NA,NA,NA,NA,185329.03621028393
S02010305,20-5-2017,1,192,15814783,S,Iringa,Iringa Rural,S020103,0,3.237485136,15.444086350856994,"local, recycled",own production,0,NA,NA,NA,0,"none, NA","NA, NA",0,0,0,0,123552.69080685596
S02010306,20-5-2017,1,188,15814727,S,Iringa,Iringa Rural,S020103,0,0.607028463,NA,NA,NA,NA,NA,NA,NA,NA,NA,NA,NA,NA,NA,NA,98842.15264548476
S02010307,20-5-2017,1,186,15814718,S,Iringa,Iringa Rural,S020103,0,0.809371284,6.1776345403427975,"local, recycled",own production,0,NA,NA,NA,NA,NA,NA,NA,NA,NA,NA,53127.65704694806
S02010308,20-5-2017,1,187,15814722,S,Iringa,Iringa Rural,S020103,0,2.02342821,NA,NA,NA,NA,NA,NA,NA,NA,NA,NA,NA,NA,NA,NA,NA
S02020101,19-5-2017,1,165,15780450,S,Iringa,Kilolo,S020201,0,0.3035142315,NA,NA,NA,NA,NA,NA,NA,NA,NA,NA,NA,NA,NA,NA,NA
S02020102,19-5-2017,1,176,15781313,S,Iringa,Kilolo,S020201,0,1.011714105,NA,NA,NA,NA,NA,NA,NA,1,"DAP, CAN (26:0:0)","50, 50",21.745273582006647,9.884215264548477,0,112000,NA
S02020103,19-5-2017,1,171,15781258,S,Iringa,Kilolo,S020201,0,0.3035142315,6.589476843032317,"improved, recycled",own production,0,NA,NA,NA,1,"DAP, CAN (26:0:0)","5, 5",7.2484245273355485,3.2947384215161586,0,12500,1070789.9869927515
S02020104,19-5-2017,1,168,15781229,S,Iringa,Kilolo,S020201,0,0.0809371284,NA,NA,NA,NA,NA,NA,NA,0,"none, NA","NA, NA",0,0,0,0,NA
S02020105,19-5-2017,1,169,15781238,S,Iringa,Kilolo,S020201,0,0.202342821,14.826322896822715,"improved, recycled",own production,0,NA,NA,NA,0,"none, NA","NA, NA",0,0,0,0,NA
S02020106,19-5-2017,1,172,15781261,S,Iringa,Kilolo,S020201,0,0.1011714105,NA,NA,NA,NA,NA,NA,NA,0,"none, NA","NA, NA",0,0,0,0,74131.61448411357
S02020107,19-5-2017,1,177,15781314,S,Iringa,Kilolo,S020201,0,0.5058570525,NA,NA,NA,NA,NA,NA,NA,1,"DAP, CAN (26:0:0)","50, 50",43.49054716401329,19.768430529096953,0,112000,59305.291587290856
S02020108,19-5-2017,1,164,15780448,S,Iringa,Kilolo,S020201,0,0.404685642,NA,NA,NA,NA,NA,NA,NA,0,"none, NA","NA, NA",0,0,0,0,74131.61448411357
S02020201,19-5-2017,1,181,15781801,S,Iringa,Kilolo,S020202,0,0.607028463,NA,NA,NA,NA,NA,NA,NA,0,"none, NA","NA, NA",0,0,0,0,420079.14874331024
S02020202,19-5-2017,1,182,15781994,S,Iringa,Kilolo,S020202,0,0.809371284,12.355269080685595,"improved, purchased",small trader,61776.34540342798,5000,5000,NA,1,"DAP, CAN (26:0:0)","50, 50",27.18159197750831,12.355269080685595,0,130000,NA
S02020203,19-5-2017,1,185,15783071,S,Iringa,Kilolo,S020202,0,0.607028463,NA,NA,NA,NA,NA,NA,NA,0,"none, NA","NA, NA",0,0,0,0,NA
S02020204,19-5-2017,1,184,15783060,S,Iringa,Kilolo,S020202,0,1.618742568,6.1776345403427975,"improved, purchased",stockist/ agent,30888.17270171399,5000,5000,NA,1,"DAP, Urea","50, 50",19.768430529096953,6.1776345403427975,0,140000,148263.22896822714
S02020205,19-5-2017,1,201,15838221,S,Iringa,Kilolo,S020202,0,3.237485136,NA,NA,NA,NA,NA,NA,NA,0,"none, NA","NA, NA",0,0,0,0,NA
S02020206,19-5-2017,1,200,15838186,S,Iringa,Kilolo,S020202,0,0.607028463,NA,NA,NA,NA,NA,NA,NA,1,"DAP, CAN (26:0:0)","50, 50",36.24212263667775,16.473692107580792,0,125000,NA
S02020207,19-5-2017,1,183,15781997,S,Iringa,Kilolo,S020202,0,0.809371284,NA,NA,NA,NA,NA,NA,NA,0,"none, NA","NA, NA",0,0,0,0,NA
S02020208,19-5-2017,1,180,15781799,S,Iringa,Kilolo,S020202,0,1.011714105,NA,NA,NA,NA,NA,NA,NA,0,"none, NA","NA, NA",0,0,0,0,74131.61448411357
S02020301,19-5-2017,1,179,15781511,S,Iringa,Kilolo,S020203,0,0.404685642,NA,NA,NA,NA,NA,NA,NA,NA,NA,NA,NA,NA,NA,NA,NA
S02020302,19-5-2017,1,170,15781241,S,Iringa,Kilolo,S020203,1,0.809371284,NA,NA,NA,NA,NA,NA,NA,NA,NA,NA,NA,NA,NA,NA,NA
S02020303,19-5-2017,1,173,15781267,S,Iringa,Kilolo,S020203,0,0.809371284,NA,NA,NA,NA,NA,NA,NA,1,"Urea, NA","100, NA",56.83423777115374,0,0,100000,NA
S02020305,19-5-2017,1,167,15781212,S,Iringa,Kilolo,S020203,0,0.202342821,49.42107632274238,"local, recycled",own production,0,NA,NA,NA,1,"Urea, NA","25, NA",56.83423777115374,0,0,25000,NA
S02020306,19-5-2017,1,166,15781204,S,Iringa,Kilolo,S020203,0,0.202342821,37.560018005284206,"local, recycled",own production,0,NA,NA,NA,1,"DAP, Urea","25, 25",79.07372211638781,24.71053816137119,0,55000,148263.22896822714
S02020307,19-5-2017,1,175,15781299,S,Iringa,Kilolo,S020203,0,0.809371284,9.884215264548477,"improved, purchased",stockist/ agent,49421.07632274238,5000,5000,NA,1,"Urea, NA","50, NA",28.41711888557687,0,0,90000,NA
S02020308,19-5-2017,1,174,15781295,S,Iringa,Kilolo,S020203,0,1.214056926,19.768430529096953,"improved, purchased",stockist/ agent,93900.04501321052,4749.999999999999,4749.999999999999,NA,1,"Urea, NA","300, NA",113.66847554230748,0,0,414000,NA
S02020309,19-5-2017,1,178,15781503,S,Iringa,Kilolo,S020203,0,0.809371284,NA,NA,NA,NA,NA,NA,NA,NA,NA,NA,NA,NA,NA,NA,NA
S02030101,18-5-2017,1,159,15736494,S,Iringa,Mufindi,S020301,0,0.607028463,24.71053816137119,"local, recycled",own production,0,NA,NA,NA,0,"none, NA","NA, NA",0,0,0,0,0
S02030102,18-5-2017,1,158,15736473,S,Iringa,Mufindi,S020301,0,0.7081998735,NA,NA,NA,NA,NA,NA,NA,1,"DAP, Urea ; CAN (26:0:0)","100, 100 ; 100",NA,NA,0,294000,141203.07520783538
S02030103,18-5-2017,1,154,15736449,S,Iringa,Mufindi,S020301,0,0.404685642,NA,"local, purchased",other farmer,69189.50685183934,NA,NA,NA,1,"DAP, CAN (26:0:0)","50, 50",54.36318395501662,24.71053816137119,0,117000,123552.69080685596
S02030104,18-5-2017,1,160,15736498,S,Iringa,Mufindi,S020301,0,0.809371284,12.355269080685595,"improved, purchased",small trader,67953.97994377077,5500,5500,NA,1,"DAP, Urea ; CAN (26:0:0)","150, 150 ; 50",NA,NA,0,362000,135907.95988754154
S02030105,18-5-2017,1,153,15736446,S,Iringa,Mufindi,S020301,0,0.404685642,24.71053816137119,"local, recycled",own production,0,NA,NA,NA,0,"none, NA","NA, NA",0,0,0,0,NA
S02030106,18-5-2017,1,161,15736500,S,Iringa,Mufindi,S020301,0,1.214056926,12.520006001761402,"improved, recycled",own production,0,NA,NA,NA,1,"DAP, Urea ; CAN (26:0:0)","150, 150 ; 150",111.19742172617036,24.71053816137119,0,681000,NA
S02030107,18-5-2017,1,156,15736456,S,Iringa,Mufindi,S020301,0,0.202342821,29.65264579364543,"improved, purchased",stockist/ agent,177915.87476187258,6000,6000,NA,1,"DAP, CAN (26:0:0)","25, 25",54.36318395501662,24.71053816137119,0,58000,123552.69080685596
S02030108,18-5-2017,1,155,15736452,S,Iringa,Mufindi,S020301,0,0.809371284,NA,NA,NA,NA,NA,NA,NA,0,"none, NA","NA, NA",0,0,0,0,74131.61448411357
S02030201,18-5-2017,1,142,15735472,S,Iringa,Mufindi,S020302,0,1.214056926,NA,NA,NA,NA,NA,NA,NA,1,"Urea, NA","100, NA",37.88949184743583,0,0,86000,NA
S02030202,18-5-2017,1,143,15735600,S,Iringa,Mufindi,S020302,0,0.404685642,NA,NA,NA,NA,NA,NA,NA,0,"none, NA","NA, NA",0,0,0,0,790737.2211638781
S02030203,18-5-2017,1,162,15736524,S,Iringa,Mufindi,S020302,0,1.214056926,24.71053816137119,"local, recycled",own production,0,NA,NA,NA,0,"none, NA","NA, NA",0,0,0,0,NA
S02030204,18-5-2017,1,157,15736468,S,Iringa,Mufindi,S020302,0,0.9105426945,NA,NA,NA,NA,NA,NA,NA,0,"none, NA","NA, NA",0,0,0,0,208666.76669602338
S02030205,18-5-2017,1,144,15735601,S,Iringa,Mufindi,S020302,0,0.5058570525,NA,NA,NA,NA,NA,NA,NA,0,"none, NA","NA, NA",0,0,0,0,NA
S02030206,18-5-2017,1,163,15736532,S,Iringa,Mufindi,S020302,0,0.809371284,NA,NA,NA,NA,NA,NA,NA,0,"DAP, NA","0, NA",0,0,0,0,24710.53816137119
S02030301,18-5-2017,1,149,15735912,S,Iringa,Mufindi,S020303,0,0.202342821,49.42107632274238,"local, recycled",own production,0,NA,NA,NA,1,"Urea, NA","50, NA",113.66847554230748,0,0,42000,NA
S02030302,18-5-2017,1,147,15735885,S,Iringa,Mufindi,S020303,0,0.404685642,44.47896869046814,"local, recycled",own production,0,NA,NA,NA,NA,NA,NA,NA,NA,NA,NA,NA
S02030303,18-5-2017,1,150,15735924,S,Iringa,Mufindi,S020303,0,0.404685642,37.560018005284206,"local, recycled",own production,0,NA,NA,NA,0,"none, NA","NA, NA",0,0,0,0,NA
S02030304,18-5-2017,1,148,15735899,S,Iringa,Mufindi,S020303,0,0.404685642,NA,"local, recycled",own production,0,NA,NA,NA,1,"DAP, Urea","25, 100",NA,12.355269080685595,0,99000,247105.3816137119
S02030305,18-5-2017,1,146,15735758,S,Iringa,Mufindi,S020303,0,0.809371284,18.780009002642103,"improved, recycled","own production, other field",0,NA,NA,NA,0,"none, NA","NA, NA",0,0,0,0,NA
S02030306,18-5-2017,1,145,15735731,S,Iringa,Mufindi,S020303,0,0.404685642,37.560018005284206,"local, recycled","own production, other field",0,NA,NA,NA,1,"DAP, Urea","25, 10",22.486589726847782,12.355269080685595,0,56000,123552.69080685596
S02030307,18-5-2017,1,151,15735937,S,Iringa,Mufindi,S020303,0,1.011714105,9.884215264548477,"local, recycled",own production,0,NA,NA,NA,1,"Urea, CAN (26:0:0)","10, 25",10.971478943648808,0,0,40000,14826.322896822714
S02030308,18-5-2017,1,152,15735994,S,Iringa,Mufindi,S020303,0,0.809371284,12.355269080685595,"local, recycled",own production,0,NA,NA,NA,0,"none, NA","NA, NA",0,0,0,0,61776.34540342798
S05010101,2-6-2017,1,388,16389080,S,Mbeya,Mbeya Rural,S050101,0,0.3035142315,NA,NA,NA,NA,NA,NA,NA,NA,NA,NA,NA,NA,NA,NA,NA
S05010102,2-6-2017,1,389,16389085,S,Mbeya,Mbeya Rural,S050101,0,0.202342821,NA,NA,NA,NA,NA,NA,NA,NA,NA,NA,NA,NA,NA,NA,NA
S05010103,2-6-2018,1,387,16389061,S,Mbeya,Mbeya Rural,S050101,0,0.202342821,NA,NA,NA,NA,NA,NA,NA,NA,NA,NA,NA,NA,NA,NA,NA
S05010104,2-6-2017,1,382,16375759,S,Mbeya,Mbeya Rural,S050101,0,0.404685642,NA,NA,NA,NA,NA,NA,NA,NA,NA,NA,NA,NA,NA,NA,NA
S05010105,2-6-2017,1,383,16375762,S,Mbeya,Mbeya Rural,S050101,0,0.1011714105,NA,NA,NA,NA,NA,NA,NA,NA,NA,NA,NA,NA,NA,NA,NA
S05010106,2-6-2017,1,385,16389052,S,Mbeya,Mbeya Rural,S050101,0,0.1011714105,NA,NA,NA,NA,NA,NA,NA,NA,NA,NA,NA,NA,NA,NA,NA
S05010107,2-6-2017,1,386,16389058,S,Mbeya,Mbeya Rural,S050101,0,0.1011714105,NA,NA,NA,NA,NA,NA,NA,NA,NA,NA,NA,NA,NA,NA,NA
S05010108,2-6-2017,1,390,16389090,S,Mbeya,Mbeya Rural,S050101,0,0.1011714105,NA,NA,NA,NA,NA,NA,NA,NA,NA,NA,NA,NA,NA,NA,NA
S05010201,2-6-2017,1,362,16364707,S,Mbeya,Mbeya Rural,S050102,0,0.202342821,NA,NA,NA,NA,NA,NA,NA,NA,NA,NA,NA,NA,NA,NA,NA
S05010202,2-6-2017,1,363,16364708,S,Mbeya,Mbeya Rural,S050102,0,0.1011714105,NA,NA,NA,NA,NA,NA,NA,NA,NA,NA,NA,NA,NA,NA,NA
S05010203,2-6-2017,1,365,16365058,S,Mbeya,Mbeya Rural,S050102,0,0.1011714105,NA,NA,NA,NA,NA,NA,NA,NA,NA,NA,NA,NA,NA,NA,NA
S05010204,2-6-2017,1,372,16368671,S,Mbeya,Mbeya Rural,S050102,0,0.202342821,NA,NA,NA,NA,NA,NA,NA,NA,NA,NA,NA,NA,NA,NA,NA
S05010205,2-6-2017,1,373,16368683,S,Mbeya,Mbeya Rural,S050102,0,0.404685642,NA,NA,NA,NA,NA,NA,NA,NA,NA,NA,NA,NA,NA,NA,NA
S05010206,2-6-2017,1,370,16367026,S,Mbeya,Mbeya Rural,S050102,0,0.1011714105,NA,NA,NA,NA,NA,NA,NA,NA,NA,NA,NA,NA,NA,NA,NA
S05010207,2-6-2017,1,369,16366992,S,Mbeya,Mbeya Rural,S050102,0,0.202342821,NA,NA,NA,NA,NA,NA,NA,NA,NA,NA,NA,NA,NA,NA,NA
S05010208,2-6-2017,1,366,16365061,S,Mbeya,Mbeya Rural,S050102,0,0.809371284,NA,NA,NA,NA,NA,NA,NA,NA,NA,NA,NA,NA,NA,NA,NA
S05010301,2-6-2017,1,380,16371821,S,Mbeya,Mbeya Rural,S050103,0,0.202342821,NA,NA,NA,NA,NA,NA,NA,NA,NA,NA,NA,NA,NA,NA,NA
S05010302,2-6-2017,1,381,16371825,S,Mbeya,Mbeya Rural,S050103,0,0.202342821,NA,NA,NA,NA,NA,NA,NA,NA,NA,NA,NA,NA,NA,NA,NA
S05010303,2-6-2017,1,378,16371573,S,Mbeya,Mbeya Rural,S050103,0,0.1011714105,NA,NA,NA,NA,NA,NA,NA,NA,NA,NA,NA,NA,NA,NA,NA
S05010304,2-6-2017,1,379,16371634,S,Mbeya,Mbeya Rural,S050103,0,0.1011714105,NA,NA,NA,NA,NA,NA,NA,NA,NA,NA,NA,NA,NA,NA,NA
S05010305,2-6-2017,1,377,16371564,S,Mbeya,Mbeya Rural,S050103,0,0.1011714105,NA,NA,NA,NA,NA,NA,NA,NA,NA,NA,NA,NA,NA,NA,NA
S05010306,2-6-2017,1,375,16371490,S,Mbeya,Mbeya Rural,S050103,0,0.1011714105,NA,NA,NA,NA,NA,NA,NA,NA,NA,NA,NA,NA,NA,NA,NA
S05010307,2-6-2017,1,374,16371488,S,Mbeya,Mbeya Rural,S050103,0,0.202342821,34.59475342591966,"local, recycled",own production,0,NA,NA,NA,0,"none, NA","NA, NA",0,0,0,0,NA
S05010308,2-6-2017,1,376,16371557,S,Mbeya,Mbeya Rural,S050103,0,0.404685642,NA,NA,NA,NA,NA,NA,NA,NA,NA,NA,NA,NA,NA,NA,NA
S06010101,31-5-2017,1,353,16329908,S,Njombe,Ludewa,S060101,1,0.202342821,NA,NA,NA,NA,NA,NA,NA,NA,NA,NA,NA,NA,NA,NA,NA
S06010102,31-5-2017,1,384,16385552,S,Njombe,Ludewa,S060101,0,0.1011714105,NA,NA,NA,NA,NA,NA,NA,NA,NA,NA,NA,NA,NA,NA,NA
S06010103,31-5-2017,1,342,16301438,S,Njombe,Ludewa,S060101,0,0.1011714105,NA,NA,NA,NA,NA,NA,NA,NA,NA,NA,NA,NA,NA,NA,NA
S06010104,31-5-2017,1,354,16329910,S,Njombe,Ludewa,S060101,0,0.404685642,NA,NA,NA,NA,NA,NA,NA,NA,NA,NA,NA,NA,NA,NA,NA
S06010105,31-5-2017,1,360,16345425,S,Njombe,Ludewa,S060101,1,0.202342821,NA,NA,NA,NA,NA,NA,NA,NA,NA,NA,NA,NA,NA,NA,NA
S06010106,31-5-2017,1,355,16329912,S,Njombe,Ludewa,S060101,0,0.1011714105,NA,NA,NA,NA,NA,NA,NA,NA,NA,NA,NA,NA,NA,NA,NA
S06010107,31-5-2017,1,343,16301452,S,Njombe,Ludewa,S060101,0,0.1416399747,NA,NA,NA,NA,NA,NA,NA,NA,NA,NA,NA,NA,NA,NA,NA
S06010108,31-5-2017,1,361,16346106,S,Njombe,Ludewa,S060101,1,0.202342821,NA,NA,NA,NA,NA,NA,NA,NA,NA,NA,NA,NA,NA,NA,NA
S06010201,31-5-2017,1,358,16338842,S,Njombe,Ludewa,S060102,1,0.607028463,NA,NA,NA,NA,NA,NA,NA,NA,NA,NA,NA,NA,NA,NA,NA
S06010202,31-5-2017,1,359,16339046,S,Njombe,Ludewa,S060102,1,0.5058570525,NA,NA,NA,NA,NA,NA,NA,NA,NA,NA,NA,NA,NA,NA,NA
S06010203,31-5-2017,1,364,16365044,S,Njombe,Ludewa,S060102,0,0.404685642,NA,NA,NA,NA,NA,NA,NA,NA,NA,NA,NA,NA,NA,NA,NA
S06010205,31-5-2017,1,367,16366960,S,Njombe,Ludewa,S060102,1,0.809371284,NA,NA,NA,NA,NA,NA,NA,NA,NA,NA,NA,NA,NA,NA,NA
S06010207,31-5-2017,1,371,16367367,S,Njombe,Ludewa,S060102,0,0.404685642,NA,NA,NA,NA,NA,NA,NA,NA,NA,NA,NA,NA,NA,NA,NA
S06010208,31-5-2017,1,368,16366967,S,Njombe,Ludewa,S060102,0,0.809371284,NA,NA,NA,NA,NA,NA,NA,NA,NA,NA,NA,NA,NA,NA,NA
S06010301,31-5-2017,1,350,16301894,S,Njombe,Ludewa,S060103,0,0.404685642,NA,NA,NA,NA,NA,NA,NA,NA,NA,NA,NA,NA,NA,NA,NA
S06010302,31-5-2017,1,346,16301855,S,Njombe,Ludewa,S060103,0,0.3035142315,NA,"local, recycled",own production,0,NA,NA,NA,0,"none, NA","NA, NA",0,0,0,0,NA
S06010303,31-5-2017,1,347,16301860,S,Njombe,Ludewa,S060103,0,0.202342821,24.71053816137119,"local, recycled",own production,0,NA,NA,NA,0,"none, NA","NA, NA",0,0,0,0,NA
S06010304,31-5-2017,1,345,16301804,S,Njombe,Ludewa,S060103,0,0.202342821,NA,NA,NA,NA,NA,NA,NA,NA,NA,NA,NA,NA,NA,NA,NA
S06010306,31-5-2017,1,351,16301914,S,Njombe,Ludewa,S060103,0,0.202342821,49.42107632274238,"improved, purchased",stockist/ agent,49421.07632274238,1000,1000,NA,1,"DAP, Urea","25, 25",79.07372211638781,24.71053816137119,0,52000,NA
S06010307,31-5-2017,1,348,16301879,S,Njombe,Ludewa,S060103,0,0.404685642,NA,NA,NA,NA,NA,NA,NA,NA,NA,NA,NA,NA,NA,NA,NA
S06010308,31-5-2017,1,352,16301938,S,Njombe,Ludewa,S060103,0,0.3035142315,NA,NA,NA,NA,NA,NA,NA,NA,NA,NA,NA,NA,NA,NA,NA
S06020101,30-5-2017,1,324,16234334,S,Njombe,Njombe Urban,S060201,0,0.404685642,19.768430529096953,"local, recycled",own production,0,NA,NA,NA,1,"Pesticide, NA","0.5, NA",0,0,0,2000,NA
S06020102,30-5-2017,1,330,16234647,S,Njombe,Njombe Urban,S060201,0,0.3035142315,NA,NA,NA,NA,NA,NA,NA,1,"DAP, Minjingu Mazao","1, 25",8.829898969663304,7.841477443208458,0,95000,NA
S06020103,30-5-2017,1,327,16234573,S,Njombe,Njombe Urban,S060201,0,0.404685642,NA,NA,NA,NA,NA,NA,NA,1,"Urea, NA","NA, NA",NA,NA,NA,25000,NA
S06020104,30-5-2017,1,331,16234650,S,Njombe,Njombe Urban,S060201,0,0.5058570525,NA,NA,NA,NA,NA,NA,NA,1,"Urea, CAN (26:0:0)","50, 50",71.16634990474903,0,0,100000,NA
S06020105,30-5-2017,1,325,16234437,S,Njombe,Njombe Urban,S060201,0,0.1416399747,28.240615041567075,"local, recycled",own production,0,NA,NA,NA,1,"DAP, Urea","12, 12",54.22198087980878,16.944369024940247,0,30000,NA
S06020106,30-5-2017,1,328,16234583,S,Njombe,Njombe Urban,S060201,0,0.607028463,26.35790737212927,"local, recycled",own production,0,NA,NA,NA,1,"Urea, DAP","25, 25",26.357907372129272,8.236846053790396,0,35000,NA
S06020107,30-5-2017,1,326,16234450,S,Njombe,Njombe Urban,S060201,0,0.202342821,NA,NA,NA,NA,NA,NA,NA,1,"DAP, Urea","20, 30",85.99267280157174,19.768430529096953,0,48200,NA
S06020201,30-5-2017,1,356,16338419,S,Njombe,Njombe Urban,S060202,1,0.0809371284,NA,NA,NA,NA,NA,NA,NA,0,"none, NA","NA, NA",0,0,0,0,NA
S06020203,30-5-2017,1,340,16251602,S,Njombe,Njombe Urban,S060202,0,0.1011714105,19.768430529096953,"improved, recycled","own production, other field",0,NA,NA,NA,0,"none, NA","NA, NA",0,0,0,0,NA
S06020204,30-5-2017,1,339,16251598,S,Njombe,Njombe Urban,S060202,0,0.1011714105,NA,NA,NA,NA,NA,NA,NA,NA,NA,NA,NA,NA,NA,NA,NA
S06020206,30-5-2017,1,338,16249717,S,Njombe,Njombe Urban,S060202,0,0.1011714105,NA,NA,NA,NA,NA,NA,NA,0,"Goat/swine/rabbit manure, NA","300, NA",NA,NA,NA,15000,NA
S06020207,30-5-2017,1,357,16338442,S,Njombe,Njombe Urban,S060202,1,0.1011714105,NA,NA,NA,NA,NA,NA,NA,1,"Urea, CAN (26:0:0)","2.5, 2.5",17.79158747618726,0,0,10000,NA
S06020208,30-5-2017,1,341,16251691,S,Njombe,Njombe Urban,S060202,0,0.1011714105,NA,NA,NA,NA,NA,NA,NA,1,"Urea, NA","3, NA",13.640217065076898,0,0,NA,NA
S06020301,30-5-2017,1,344,16301798,S,Njombe,Njombe Urban,S060203,0,0.202342821,14.826322896822715,"local, recycled",own production,0,NA,NA,NA,1,"DAP, Urea","50, 50",NA,NA,0,178000,NA
S06020302,30-5-2017,1,349,16301893,S,Njombe,Njombe Urban,S060203,0,0.1011714105,NA,NA,NA,NA,NA,NA,NA,0,"none, NA","NA, NA",0,0,0,0,NA
S06020303,30-5-2017,1,334,16248150,S,Njombe,Njombe Urban,S060203,0,0.1011714105,39.53686105819391,"local, recycled",own production,0,NA,NA,NA,1,"Urea, NA","20, NA",90.93478043384599,0,0,20000,NA
S06020304,30-5-2017,1,335,16248152,S,Njombe,Njombe Urban,S060203,0,0.202342821,19.768430529096953,"local, recycled",own production,0,NA,NA,NA,0,"none, NA","NA, NA",0,0,0,0,NA
S06020305,30-5-2017,1,336,16248156,S,Njombe,Njombe Urban,S060203,0,0.404685642,NA,NA,NA,NA,NA,NA,NA,NA,NA,NA,NA,NA,NA,NA,NA
S06020306,30-5-2017,1,332,16248057,S,Njombe,Njombe Urban,S060203,0,0.3035142315,13.178953686064634,"local, recycled",own production,0,NA,NA,NA,1,"Urea, NA","100, NA",NA,0,0,110000,NA
S06020307,30-5-2017,1,333,16248149,S,Njombe,Njombe Urban,S060203,0,0.202342821,19.768430529096953,"local, recycled",own production,0,NA,NA,NA,NA,NA,NA,NA,NA,NA,NA,NA
S06020308,30-5-2017,1,337,16248160,S,Njombe,Njombe Urban,S060203,0,0.404685642,NA,NA,NA,NA,NA,NA,NA,NA,NA,NA,NA,NA,NA,NA,NA
S06030101,29-5-2017,1,309,16189428,S,Njombe,Wangingombe,S060301,0,0.1011714105,NA,NA,NA,NA,NA,NA,NA,NA,NA,NA,NA,NA,NA,NA,NA
S06030102,29-5-2017,1,306,16189403,S,Njombe,Wangingombe,S060301,0,0.3035142315,NA,NA,NA,NA,NA,NA,NA,NA,NA,NA,NA,NA,NA,NA,NA
S06030103,29-5-2017,1,311,16189461,S,Njombe,Wangingombe,S060301,0,0.1011714105,39.53686105819391,"local, recycled",own production,0,NA,NA,NA,1,"DAP, CAN (26:0:0)","12.5, 12.5",54.36318395501662,24.71053816137119,0,25000,NA
S06030104,29-5-2017,1,329,16234627,S,Njombe,Wangingombe,S060301,0,0.9105426945,NA,NA,NA,NA,NA,NA,NA,1,"Urea, CAN (26:0:0)","50, 20",30.97054116225189,0,0,72000,54912.307025269314
S06030105,29-5-2017,1,305,16189395,S,Njombe,Wangingombe,S060301,0,0.404685642,NA,NA,NA,NA,NA,NA,NA,NA,NA,NA,NA,NA,NA,NA,NA
S06030106,29-5-2017,1,307,16189423,S,Njombe,Wangingombe,S060301,0,0.404685642,NA,NA,NA,NA,NA,NA,NA,NA,NA,NA,NA,NA,NA,NA,NA
S06030107,29-5-2017,1,310,16189459,S,Njombe,Wangingombe,S060301,0,0.3035142315,32.947384215161584,"local, recycled",own production,36242.12263667775,NA,NA,NA,1,"DAP, CAN (26:0:0)","25, 25",36.24212263667775,16.473692107580792,0,60000,NA
S06030108,29-5-2017,1,308,16189427,S,Njombe,Wangingombe,S060301,0,0.3035142315,NA,NA,NA,NA,NA,NA,NA,NA,NA,NA,NA,NA,NA,NA,NA
S06030201,29-5-2017,1,317,16195849,S,Njombe,Wangingombe,S060302,0,0.3035142315,NA,NA,NA,NA,NA,NA,NA,NA,NA,NA,NA,NA,NA,NA,NA
S06030202,29-5-2017,1,316,16195696,S,Njombe,Wangingombe,S060302,0,0.7081998735,28.240615041567075,"local, recycled",own production,0,NA,NA,NA,1,"CAN (26:0:0), NA","150, NA",55.06919933105579,0,0,120000,84721.84512470123
S06030203,29-5-2017,1,323,16196802,S,Njombe,Wangingombe,S060302,0,0.3035142315,NA,NA,NA,NA,NA,NA,NA,NA,NA,NA,NA,NA,NA,NA,NA
S06030204,29-5-2017,1,321,16196441,S,Njombe,Wangingombe,S060302,0,0.3035142315,NA,NA,NA,NA,NA,NA,NA,NA,NA,NA,NA,NA,NA,NA,NA
S06030205,29-5-2017,1,319,16195855,S,Njombe,Wangingombe,S060302,0,0.3035142315,NA,NA,NA,NA,NA,NA,NA,NA,NA,NA,NA,NA,NA,NA,NA
S06030206,29-5-2017,1,320,16196140,S,Njombe,Wangingombe,S060302,0,0.404685642,NA,NA,NA,NA,NA,NA,NA,NA,NA,NA,NA,NA,NA,NA,NA
S06030207,29-5-2017,1,318,16195853,S,Njombe,Wangingombe,S060302,0,0.5058570525,NA,NA,NA,NA,NA,NA,NA,NA,NA,NA,NA,NA,NA,NA,1037842.60277759
S06030208,29-5-2017,1,322,16196800,S,Njombe,Wangingombe,S060302,0,0.202342821,NA,NA,NA,NA,NA,NA,NA,NA,NA,NA,NA,NA,NA,NA,NA
S06030301,29-5-2017,1,313,16191979,S,Njombe,Wangingombe,S060303,0,0.404685642,37.560018005284206,"local, recycled",own production,0,NA,NA,NA,1,"CAN (26:0:0), NA","50, NA",32.12369960978255,0,0,45000,NA
S06030302,29-5-2017,1,315,16192062,S,Njombe,Wangingombe,S060303,0,0.404685642,19.768430529096953,"local, recycled",own production,0,NA,NA,NA,1,"Urea, CAN (26:0:0) ; Urea","30, 25 ; 50",106.99663023873725,0,0,87000,NA
S06030303,29-5-2017,1,312,16191948,S,Njombe,Wangingombe,S060303,0,0.3035142315,NA,NA,NA,NA,NA,NA,NA,NA,NA,NA,NA,NA,NA,NA,NA
S06030304,29-5-2017,1,314,16192041,S,Njombe,Wangingombe,S060303,0,0.809371284,24.71053816137119,"local, recycled",own production,0,NA,NA,NA,1,"DAP, Urea","50, 50",39.53686105819391,12.355269080685595,0,120000,NA
S06030305,29-5-2017,1,303,16188669,S,Njombe,Wangingombe,S060303,0,0.404685642,NA,NA,NA,NA,NA,NA,NA,NA,NA,NA,NA,NA,NA,NA,NA
S06030306,29-5-2017,1,304,16188677,S,Njombe,Wangingombe,S060303,0,0.404685642,NA,NA,NA,NA,NA,NA,NA,1,"Urea, NA","50, NA",56.83423777115374,0,0,55000,NA
S06030307,29-5-2017,1,301,16188659,S,Njombe,Wangingombe,S060303,0,0.202342821,39.53686105819391,"local, recycled",own production,0,NA,NA,NA,1,"YaraMila Cereal, NA","50, NA",56.83423777115374,24.71053816137119,12.355269080685595,52000,NA
S06030308,29-5-2017,1,302,16188663,S,Njombe,Wangingombe,S060303,0,0.607028463,25.040012003522804,"local, recycled",own production,0,NA,NA,NA,1,"DAP, Urea","50, 100",90.60530659169437,16.473692107580792,0,148000,NA
S07010101,13-5-2017,1,90,15517258,S,Rukwa,Nkasi,S070101,0,0.809371284,18.780009002642103,"local, recycled",own production,0,NA,NA,NA,0,"none, NA","NA, NA",0,0,0,0,NA
S07010102,13-5-2017,1,75,15512985,S,Rukwa,Nkasi,S070101,0,0.607028463,32.947384215161584,"local, recycled",own production,0,NA,NA,NA,0,"none, NA","NA, NA",0,0,0,0,82368.46053790397
S07010103,13-5-2017,1,91,15524685,S,Rukwa,Nkasi,S070101,0,1.214056926,20.592115134475993,"local, recycled",own production,0,NA,NA,NA,1,"Urea, NA","100, NA",37.88949184743583,0,0,160000,NA
S07010104,13-5-2017,1,85,15516319,S,Rukwa,Nkasi,S070101,0,0.607028463,46.12633790122622,"local, recycled",own production,0,NA,NA,NA,0,"Cow manure, NA","NA, NA",NA,NA,NA,0,NA
S07010105,13-5-2017,1,81,15513076,S,Rukwa,Nkasi,S070101,0,1.618742568,14.085006751981577,"local, recycled",own production,0,NA,NA,NA,0,"none, NA","NA, NA",0,0,0,0,NA
S07010106,13-5-2017,1,83,15513103,S,Rukwa,Nkasi,S070101,0,0.607028463,32.947384215161584,"local, recycled",own production,0,NA,NA,NA,0,"none, NA","NA, NA",0,0,0,0,NA
S07010107,13-5-2017,1,73,15512963,S,Rukwa,Nkasi,S070101,0,0.404685642,NA,NA,NA,NA,NA,NA,NA,NA,NA,NA,NA,NA,NA,NA,NA
S07010108,13-5-2017,1,78,15513018,S,Rukwa,Nkasi,S070101,0,1.416399747,16.944369024940244,"local, recycled",own production,0,NA,NA,NA,NA,NA,NA,NA,NA,NA,NA,NA
S07010109,13-5-2017,1,80,15513075,S,Rukwa,Nkasi,S070101,0,0.404685642,37.560018005284206,"local, recycled",own production,0,NA,NA,NA,0,"none, NA","NA, NA",0,0,0,0,NA
S07010201,13-5-2017,1,76,15513004,S,Rukwa,Nkasi,S070102,0,0.404685642,NA,"improved, recycled",own production,0,NA,NA,NA,0,"none, NA","NA, NA",0,0,0,0,NA
S07010202,13-5-2017,1,65,15495510,S,Rukwa,Nkasi,S070102,0,0.809371284,24.71053816137119,"local, recycled",own production,0,NA,NA,NA,0,"none, NA","NA, NA",0,0,0,0,NA
S07010203,13-5-2017,1,66,15495554,S,Rukwa,Nkasi,S070102,0,0.809371284,NA,NA,NA,NA,NA,NA,NA,NA,NA,NA,NA,NA,NA,NA,NA
S07010204,13-5-2017,1,69,15498667,S,Rukwa,Nkasi,S070102,0,2.428113852,16.473692107580792,"local, recycled",own production,0,NA,NA,NA,0,"none, NA","NA, NA",0,0,0,0,NA
S07010205,13-5-2017,1,70,15512927,S,Rukwa,Nkasi,S070102,0,2.428113852,7.512003601056842,"local, recycled",own production,0,NA,NA,NA,0,"none, NA","NA, NA",0,0,0,0,NA
S07010206,13-5-2017,1,67,15498227,S,Rukwa,Nkasi,S070102,0,0.404685642,24.71053816137119,"improved, purchased",small trader,296526.4579364543,12000,12000,NA,1,"CAN (26:0:0), Urea","50, 50",88.95793738093629,0,0,98000,NA
S07010207,13-5-2017,1,68,15498322,S,Rukwa,Nkasi,S070102,0,2.832799494,7.060153760391769,"improved, recycled",own production,0,NA,NA,NA,0,"none, NA","NA, NA",0,0,0,0,NA
S07010301,13-5-2017,1,92,15524691,S,Rukwa,Nkasi,S070103,0,3.237485136,37.065807242056785,"local, recycled",own production,0,NA,NA,NA,0,"none, NA","NA, NA",0,0,0,0,NA
S07010302,13-5-2017,1,84,15513108,S,Rukwa,Nkasi,S070103,0,1.618742568,NA,"local, recycled",own production,0,NA,NA,NA,0,"none, NA","NA, NA",0,0,0,0,NA
S07010304,13-5-2017,1,79,15513020,S,Rukwa,Nkasi,S070103,0,0.809371284,18.780009002642103,"local, recycled",own production,0,NA,NA,NA,0,"none, NA","NA, NA",0,0,0,0,NA
S07010305,13-5-2017,1,82,15513080,S,Rukwa,Nkasi,S070103,0,0.607028463,NA,"local, recycled",own production,0,NA,NA,NA,0,"none, NA","NA, NA",0,0,0,0,NA
S07010306,13-5-2017,1,74,15512966,S,Rukwa,Nkasi,S070103,0,0.809371284,NA,NA,NA,NA,NA,NA,NA,0,"none, NA","NA, NA",0,0,0,0,NA
S07010308,13-5-2017,1,87,15516540,S,Rukwa,Nkasi,S070103,0,0.202342821,12.355269080685595,"local, recycled",own production,0,NA,NA,NA,0,"none, NA","NA, NA",0,0,0,0,98842.15264548476
S07010309,13-5-2017,1,77,15513006,S,Rukwa,Nkasi,S070103,0,0.607028463,24.71053816137119,"local, recycled",own production,0,NA,NA,NA,0,"none, NA","NA, NA",0,0,0,0,NA
S07020101,12-5-2017,1,64,15469559,S,Rukwa,Sumbawanga Rural,S070201,0,0.404685642,24.71053816137119,"local, recycled",own production,0,NA,NA,NA,0,"none, NA","NA, NA",0,0,0,0,92664.51810514196
S07020102,12-5-2017,1,48,15466996,S,Rukwa,Sumbawanga Rural,S070201,0,1.214056926,20.592115134475993,"local, recycled",other farmer,0,NA,NA,NA,0,"none, NA","NA, NA",0,0,0,0,NA
S07020104,12-5-2017,1,63,15469470,S,Rukwa,Sumbawanga Rural,S070201,0,1.214056926,NA,NA,NA,NA,NA,NA,NA,NA,NA,NA,NA,NA,NA,NA,NA
S07020105,12-5-2017,1,50,15467335,S,Rukwa,Sumbawanga Rural,S070201,0,0.809371284,24.71053816137119,"local, recycled",own production,0,NA,NA,NA,0,"none, NA","NA, NA",0,0,0,0,NA
S07020106,12-5-2017,1,88,15517239,S,Rukwa,Sumbawanga Rural,S070201,0,1.011714105,15.024007202113683,"local, recycled",own production,0,NA,NA,NA,0,"none, NA","NA, NA",0,0,0,0,NA
S07020107,12-5-2017,1,89,15517248,S,Rukwa,Sumbawanga Rural,S070201,0,1.214056926,NA,NA,NA,NA,NA,NA,NA,NA,NA,NA,NA,NA,NA,NA,NA
S07020108,12-5-2017,1,72,15512961,S,Rukwa,Sumbawanga Rural,S070201,0,0.809371284,NA,NA,NA,NA,NA,NA,NA,NA,NA,NA,NA,NA,NA,NA,NA
S07020109,12-5-2017,1,86,15516519,S,Rukwa,Sumbawanga Rural,S070201,0,0.5058570525,NA,NA,NA,NA,NA,NA,NA,NA,NA,NA,NA,NA,NA,NA,NA
S07020110,12-5-2017,1,71,15512955,S,Rukwa,Sumbawanga Rural,S070201,0,0.404685642,NA,NA,NA,NA,NA,NA,NA,NA,NA,NA,NA,NA,NA,NA,NA
S07020201,12-5-2017,1,49,15467330,S,Rukwa,Sumbawanga Rural,S070202,0,1.618742568,NA,"improved, purchased",small trader,296526.4579364543,NA,NA,NA,1,"YaraMila Cereal, Urea","200, 200",85.25135665673061,12.355269080685595,6.1776345403427975,720000,18532.903621028392
S07020202,12-5-2017,1,52,15467848,S,Rukwa,Sumbawanga Rural,S070202,0,0.809371284,NA,NA,NA,NA,NA,NA,NA,NA,NA,NA,NA,NA,NA,NA,NA
S07020203,12-5-2017,1,57,15468750,S,Rukwa,Sumbawanga Rural,S070202,0,0.7689027198,26.011092801443358,"improved, purchased",small trader,156066.55680866016,6000,6000,NA,1,"DAP, Urea","100, 100",83.23549696461875,NA,0,303000,45519.41240252588
S07020204,12-5-2017,1,51,15467452,S,Rukwa,Sumbawanga Rural,S070202,0,0.7081998735,NA,NA,NA,NA,NA,NA,NA,1,"DAP, Urea","75, 50",51.53912245085991,21.180461281175305,0,275000,49421.07632274238
S07020301,12-5-2017,1,62,15469176,S,Rukwa,Sumbawanga Rural,S070203,0,0.404685642,37.560018005284206,"local, purchased",other farmer,3706.5807242056785,98.6842105263158,NA,98.6842105263158,0,"none, NA","NA, NA",0,0,0,0,NA
S07020302,12-5-2017,1,61,15469155,S,Rukwa,Sumbawanga Rural,S070203,0,0.404685642,37.560018005284206,"improved, recycled",other farmer,0,NA,NA,NA,0,"none, NA","NA, NA",0,0,0,0,NA
S07020303,12-5-2017,1,55,15468613,S,Rukwa,Sumbawanga Rural,S070203,0,0.809371284,18.780009002642103,"local, recycled",own production,0,NA,NA,NA,0,"none, NA","NA, NA",0,0,0,0,NA
S07020304,12-5-2017,1,54,15468602,S,Rukwa,Sumbawanga Rural,S070203,0,0.809371284,NA,NA,NA,NA,NA,NA,NA,NA,NA,NA,NA,NA,NA,NA,NA
S07020305,12-5-2017,1,53,15468595,S,Rukwa,Sumbawanga Rural,S070203,0,0.809371284,NA,NA,NA,NA,NA,NA,NA,NA,NA,NA,NA,NA,NA,NA,NA
S07020306,12-5-2017,1,58,15468878,S,Rukwa,Sumbawanga Rural,S070203,0,0.1011714105,NA,"local, recycled",own production,0,NA,NA,NA,0,"none, NA","NA, NA",0,0,0,0,NA
S07020307,12-5-2017,1,59,15469019,S,Rukwa,Sumbawanga Rural,S070203,0,1.416399747,2.1180461281175305,"local, recycled",own production,24710.53816137119,NA,NA,NA,NA,NA,NA,NA,NA,NA,NA,NA
S07020308,12-5-2017,1,60,15469045,S,Rukwa,Sumbawanga Rural,S070203,0,0.5058570525,15.814744423277562,"local, recycled",own production,0,NA,NA,NA,0,"none, NA","NA, NA",0,0,0,0,NA
S07020309,12-5-2017,1,56,15468619,S,Rukwa,Sumbawanga Rural,S070203,0,1.618742568,NA,NA,NA,NA,NA,NA,NA,NA,NA,NA,NA,NA,NA,NA,NA
S08010101,8-5-2017,1,14,15310025,S,Ruvuma,Namtumbo,S080101,0,0.607028463,NA,NA,NA,NA,NA,NA,NA,1,"SA (21:0:0), NA","100, NA",34.59475342591966,0,0,86000,NA
S08010102,8-5-2017,1,44,15433447,S,Ruvuma,Namtumbo,S080101,1,0.5058570525,NA,NA,NA,NA,NA,NA,NA,1,"Urea, NA","50, NA",45.46739021692299,0,0,65000,NA
S08010103,8-5-2017,1,17,15310956,S,Ruvuma,Namtumbo,S080101,0,0.404685642,NA,NA,NA,NA,NA,NA,NA,1,"Urea, SA (21:0:0)","50, 50",82.78030284059349,0,0,98000,NA
S08010104,8-5-2017,1,16,15310930,S,Ruvuma,Namtumbo,S080101,0,0.607028463,NA,NA,NA,NA,NA,NA,NA,1,"Urea, SA (21:0:0)","50, 50",55.18686856039566,0,0,98000,NA
S08010105,8-5-2017,1,18,15311211,S,Ruvuma,Namtumbo,S080101,0,0.202342821,NA,NA,NA,NA,NA,NA,NA,1,"YaraMila Cereal, Yara Amidas","10, 10",31.1352780833277,4.942107632274238,2.471053816137119,28000,NA
S08010106,8-5-2017,1,45,15433464,S,Ruvuma,Namtumbo,S080101,0,0.404685642,NA,NA,NA,NA,NA,NA,NA,1,"Urea, NA","50, NA",56.83423777115374,0,0,50000,NA
S08010107,8-5-2017,1,4,15308625,S,Ruvuma,Namtumbo,S080101,0,0.3035142315,NA,NA,NA,NA,NA,NA,NA,1,"Urea, NA","25, NA",37.88949184743583,0,0,27500,NA
S08010108,8-5-2017,1,19,15312019,S,Ruvuma,Namtumbo,S080101,0,0.9105426945,NA,NA,NA,NA,NA,NA,NA,NA,NA,NA,NA,NA,NA,NA,NA
S08010201,8-5-2017,1,15,15310869,S,Ruvuma,Namtumbo,S080102,0,0.404685642,NA,NA,NA,NA,NA,NA,NA,NA,NA,NA,NA,NA,NA,NA,NA
S08010202,8-5-2017,1,5,15308887,S,Ruvuma,Namtumbo,S080102,0,1.618742568,NA,NA,NA,NA,NA,NA,NA,NA,NA,NA,NA,NA,NA,NA,NA
S08010203,8-5-2017,1,3,15308357,S,Ruvuma,Namtumbo,S080102,0,0.607028463,NA,NA,NA,NA,NA,NA,NA,NA,NA,NA,NA,NA,NA,NA,NA
S08010205,8-5-2017,1,1,15306324,S,Ruvuma,Namtumbo,S080102,0,0.809371284,NA,NA,NA,NA,NA,NA,NA,1,"CAN (26:0:0), SA (21:0:0) ; Urea","100, 200 ; 100",NA,0,0,462000,NA
S08010206,8-5-2017,1,2,15308352,S,Ruvuma,Namtumbo,S080102,0,0.607028463,NA,NA,NA,NA,NA,NA,NA,NA,NA,NA,NA,NA,NA,NA,NA
S08010210,8-5-2017,1,37,15357020,S,Ruvuma,Namtumbo,S080102,0,0.607028463,NA,NA,NA,NA,NA,NA,NA,0,"none, NA","NA, NA",0,0,0,0,NA
S08010301,8-5-2017,1,6,15309334,S,Ruvuma,Namtumbo,S080103,0,0.404685642,NA,NA,NA,NA,NA,NA,NA,0,"none, NA","NA, NA",0,0,0,0,NA
S08010302,8-5-2017,1,10,15309728,S,Ruvuma,Namtumbo,S080103,0,0.404685642,NA,NA,NA,NA,NA,NA,NA,1,"SA (21:0:0), SA (21:0:0)","50, 50",51.8921301388795,0,0,110000,NA
S08010303,8-5-2017,1,11,15309735,S,Ruvuma,Namtumbo,S080103,0,1.618742568,NA,NA,NA,NA,NA,NA,NA,1,"Urea, CAN (26:0:0)","50, 50",22.23948434523407,0,0,110000,NA
S08010304,8-5-2017,1,12,15309904,S,Ruvuma,Namtumbo,S080103,0,0.809371284,NA,NA,NA,NA,NA,NA,NA,0,"none, none","NA, 50",0,0,0,0,NA
S08010305,8-5-2017,1,8,15309672,S,Ruvuma,Namtumbo,S080103,0,0.809371284,NA,NA,NA,NA,NA,NA,NA,NA,NA,NA,NA,NA,NA,NA,NA
S08010306,8-5-2017,1,9,15309675,S,Ruvuma,Namtumbo,S080103,0,0.404685642,NA,NA,NA,NA,NA,NA,NA,0,"none, NA","NA, NA",0,0,0,0,NA
S08010307,8-5-2017,1,13,15309913,S,Ruvuma,Namtumbo,S080103,0,0.809371284,NA,NA,NA,NA,NA,NA,NA,0,"none, NA","NA, NA",0,0,0,0,NA
S08020101,9-5-2017,1,41,15357112,S,Ruvuma,Songea,S080201,0,1.618742568,NA,NA,NA,NA,NA,NA,NA,1,"Urea, SA (21:0:0)","150, 100",55.59871086308518,0,0,230000,NA
S08020102,9-5-2017,1,46,15433474,S,Ruvuma,Songea,S080201,0,0.404685642,NA,NA,NA,NA,NA,NA,NA,1,"Urea, CAN (26:0:0) ; SA (21:0:0)","50, 50 ; 50",114.90400245037604,0,0,101000,NA
S08020103,9-5-2017,1,33,15356663,S,Ruvuma,Songea,S080201,0,0.809371284,NA,NA,NA,NA,NA,NA,NA,1,"SA (21:0:0), Urea ; Urea","50, 100 ; 100",NA,0,0,50000,NA
S08020104,9-5-2017,1,40,15357101,S,Ruvuma,Songea,S080201,0,0.607028463,NA,NA,NA,NA,NA,NA,NA,1,"SA (21:0:0), SA (21:0:0)","50, 50",34.59475342591966,0,0,86000,NA
S08020105,9-5-2017,1,47,15433482,S,Ruvuma,Songea,S080201,0,0.404685642,NA,NA,NA,NA,NA,NA,NA,1,"Urea, SA (21:0:0)","50, 50",82.78030284059349,0,0,78000,NA
S08020106,9-5-2017,1,34,15356664,S,Ruvuma,Songea,S080201,0,0.9105426945,NA,NA,NA,NA,NA,NA,NA,1,"SA (21:0:0), Urea","100, 100",73.58249141386088,0,0,178000,NA
S08020107,9-5-2017,1,43,15357314,S,Ruvuma,Songea,S080201,0,0.404685642,NA,NA,NA,NA,NA,NA,NA,1,"DAP, Urea","50, 50",79.07372211638781,24.71053816137119,0,90000,NA
S08020108,9-5-2017,1,42,15357137,S,Ruvuma,Songea,S080201,0,1.416399747,NA,NA,NA,NA,NA,NA,NA,1,"Urea, SA (21:0:0)","250, 150",103.43125258973942,0,0,55000,NA
S08020201,9-5-2017,1,32,15356618,S,Ruvuma,Songea,S080202,0,0.404685642,NA,NA,NA,NA,NA,NA,NA,1,"SA (21:0:0), Urea","50, 100",NA,0,0,150000,NA
S08020202,9-5-2017,1,29,15356483,S,Ruvuma,Songea,S080202,0,0.809371284,NA,NA,NA,NA,NA,NA,NA,NA,NA,NA,NA,NA,NA,NA,NA
S08020203,9-5-2017,1,38,15357025,S,Ruvuma,Songea,S080202,0,0.404685642,NA,NA,NA,NA,NA,NA,NA,1,"Urea, NA","50, NA",56.83423777115374,0,0,50000,NA
S08020204,9-5-2017,1,30,15356486,S,Ruvuma,Songea,S080202,0,2.428113852,NA,NA,NA,NA,NA,NA,NA,1,"Urea, SA (21:0:0)","200, 100",46.53818020391574,0,0,318000,NA
S08020205,9-5-2017,1,39,15357026,S,Ruvuma,Songea,S080202,0,0.404685642,NA,NA,NA,NA,NA,NA,NA,1,"Urea, NA","100, NA",113.66847554230748,0,0,90000,NA
S08020206,9-5-2017,1,36,15356692,S,Ruvuma,Songea,S080202,0,2.428113852,NA,NA,NA,NA,NA,NA,NA,1,"Urea, SA (21:0:0)","450, 250",106.8730775479304,0,0,645000,NA
S08020207,9-5-2017,1,31,15356614,S,Ruvuma,Songea,S080202,0,0.404685642,NA,NA,NA,NA,NA,NA,NA,1,"Urea, SA (21:0:0)","100, 25",NA,0,0,102000,NA
S08020208,9-5-2017,1,35,15356687,S,Ruvuma,Songea,S080202,0,0.1011714105,NA,NA,NA,NA,NA,NA,NA,1,"DAP, NA","8, NA",14.233269980949805,15.814744423277563,0,15000,NA
S08020301,9-5-2017,1,20,15356067,S,Ruvuma,Songea,S080203,0,0.404685642,NA,NA,NA,NA,NA,NA,NA,NA,NA,NA,NA,NA,NA,NA,NA
S08020302,9-5-2017,1,26,15356141,S,Ruvuma,Songea,S080203,0,0.607028463,NA,NA,NA,NA,NA,NA,NA,1,"Urea, SA (21:0:0)","50, 50",55.18686856039566,0,0,110000,NA
S08020303,9-5-2017,1,23,15356110,S,Ruvuma,Songea,S080203,0,0.404685642,NA,NA,NA,NA,NA,NA,NA,1,"Urea, SA (21:0:0)","50, 50",82.78030284059349,0,0,150000,NA
S08020304,9-5-2017,1,27,15356331,S,Ruvuma,Songea,S080203,0,1.214056926,NA,NA,NA,NA,NA,NA,NA,1,"Urea, SA (21:0:0)","250, 150",120.66979468802931,0,0,356000,NA
S08020305,9-5-2017,1,28,15356333,S,Ruvuma,Songea,S080203,0,0.607028463,NA,NA,NA,NA,NA,NA,NA,1,"CAN (26:0:0), Urea","100, 100",118.61058317458172,0,0,250000,NA
S08020306,9-5-2017,1,22,15356108,S,Ruvuma,Songea,S080203,0,0.809371284,NA,NA,NA,NA,NA,NA,NA,1,"Urea, SA (21:0:0)","150, 50",98.22438919145048,0,0,236000,NA
S08020307,9-5-2017,1,24,15356111,S,Ruvuma,Songea,S080203,0,0.1011714105,NA,NA,NA,NA,NA,NA,NA,1,"Urea, SA (21:0:0)","50, 50",NA,0,0,85000,NA
S08020308,9-5-2017,1,21,15356072,S,Ruvuma,Songea,S080203,0,0.404685642,NA,NA,NA,NA,NA,NA,NA,1,"Urea, SA (21:0:0) ; DAP","50, 50 ; 50",105.01978718582757,24.71053816137119,0,136000,NA
S08020309,9-5-2017,1,25,15356140,S,Ruvuma,Songea,S080203,0,0.809371284,NA,NA,NA,NA,NA,NA,NA,1,"Urea, SA (21:0:0)","25, 25",20.695075710148373,0,0,55000,NA
S09010101,16-5-2017,1,117,15627507,S,Songwe,Mbozi,S090101,0,0.404685642,NA,NA,NA,NA,NA,NA,NA,NA,NA,NA,NA,NA,NA,NA,NA
S09010102,16-5-2017,1,118,15627517,S,Songwe,Mbozi,S090101,0,1.416399747,NA,NA,NA,NA,NA,NA,NA,NA,NA,NA,NA,NA,NA,NA,NA
S09010103,16-5-2017,1,119,15627521,S,Songwe,Mbozi,S090101,0,0.404685642,NA,NA,NA,NA,NA,NA,NA,NA,NA,NA,NA,NA,NA,NA,NA
S09010104,16-5-2017,1,122,15627607,S,Songwe,Mbozi,S090101,0,0.404685642,NA,NA,NA,NA,NA,NA,NA,NA,NA,NA,NA,NA,NA,NA,NA
S09010105,16-5-2017,1,120,15627530,S,Songwe,Mbozi,S090101,0,0.809371284,4.942107632274238,"local, purchased",small trader,130965.85225526731,NA,NA,NA,1,"DAP, Urea ; Herbicide","50, 50 ; NA",11.119742172617036,12.355269080685595,0,106000,NA
S09010106,16-5-2017,2,132,15676644,S,Songwe,Mbozi,S090101,0,0.3035142315,NA,NA,NA,NA,NA,NA,NA,NA,NA,NA,NA,NA,NA,NA,NA
S09010107,16-5-2017,1,121,15627556,S,Songwe,Mbozi,S090101,0,1.011714105,NA,NA,NA,NA,NA,NA,NA,NA,NA,NA,NA,NA,NA,NA,NA
S09010108,16-5-2017,1,131,15676638,S,Songwe,Mbozi,S090101,0,0.404685642,NA,NA,NA,NA,NA,NA,NA,NA,NA,NA,NA,NA,NA,NA,NA
S09010201,16-5-2017,1,138,15680348,S,Songwe,Mbozi,S090102,0,1.214056926,NA,NA,NA,NA,NA,NA,NA,NA,NA,NA,NA,NA,NA,NA,NA
S09010202,16-5-2017,1,135,15680079,S,Songwe,Mbozi,S090102,0,0.7081998735,NA,NA,NA,NA,NA,NA,NA,NA,NA,NA,NA,NA,NA,NA,NA
S09010203,16-5-2017,1,133,15678128,S,Songwe,Mbozi,S090102,0,1.214056926,NA,NA,NA,NA,NA,NA,NA,NA,NA,NA,NA,NA,NA,NA,NA
S09010204,16-5-2017,1,140,15680509,S,Songwe,Mbozi,S090102,0,0.202342821,4.942107632274238,"improved, purchased",small trader,39536.86105819391,8000,8000,NA,1,"DAP, Urea","NA, NA",NA,NA,NA,60000,NA
S09010205,16-5-2017,1,141,15680520,S,Songwe,Mbozi,S090102,0,0.1011714105,19.768430529096953,"improved, purchased",small trader,533747.6242856177,NA,NA,NA,1,"DAP, Urea","50, 100",NA,NA,0,155000,NA
S09010206,16-5-2017,1,139,15680356,S,Songwe,Mbozi,S090102,0,0.404685642,NA,NA,NA,NA,NA,NA,NA,NA,NA,NA,NA,NA,NA,NA,NA
S09010207,16-5-2017,1,137,15680163,S,Songwe,Mbozi,S090102,0,0.404685642,24.71053816137119,"local, recycled",own production,0,NA,NA,NA,1,"DAP, Urea","50, 50",79.07372211638781,24.71053816137119,0,101000,NA
S09010208,16-5-2017,1,136,15680085,S,Songwe,Mbozi,S090102,0,1.618742568,NA,NA,NA,NA,NA,NA,NA,NA,NA,NA,NA,NA,NA,NA,NA
S09010209,16-5-2017,1,134,15678154,S,Songwe,Mbozi,S090102,0,0.404685642,NA,NA,NA,NA,NA,NA,NA,NA,NA,NA,NA,NA,NA,NA,NA
S09010301,16-5-2017,1,123,15629098,S,Songwe,Mbozi,S090103,0,0.809371284,NA,NA,NA,NA,NA,NA,NA,NA,NA,NA,NA,NA,NA,NA,NA
S09010302,16-5-2017,1,124,15629099,S,Songwe,Mbozi,S090103,0,0.607028463,NA,NA,NA,NA,NA,NA,NA,NA,NA,NA,NA,NA,NA,NA,NA
S09010303,16-5-2017,1,130,15629205,S,Songwe,Mbozi,S090103,0,0.404685642,NA,NA,NA,NA,NA,NA,NA,NA,NA,NA,NA,NA,NA,NA,NA
S09010304,16-5-2017,1,126,15629106,S,Songwe,Mbozi,S090103,0,0.202342821,NA,NA,NA,NA,NA,NA,NA,NA,NA,NA,NA,NA,NA,NA,NA
S09010305,16-5-2017,1,125,15629104,S,Songwe,Mbozi,S090103,0,0.809371284,NA,NA,NA,NA,NA,NA,NA,NA,NA,NA,NA,NA,NA,NA,NA
S09010306,16-5-2017,1,128,15629121,S,Songwe,Mbozi,S090103,0,1.011714105,NA,NA,NA,NA,NA,NA,NA,NA,NA,NA,NA,NA,NA,NA,NA
S09010308,16-5-2017,1,129,15629125,S,Songwe,Mbozi,S090103,0,0.202342821,NA,NA,NA,NA,NA,NA,NA,NA,NA,NA,NA,NA,NA,NA,NA
S09010309,16-5-2017,1,127,15629111,S,Songwe,Mbozi,S090103,0,0.202342821,NA,NA,NA,NA,NA,NA,NA,1,"DAP, Urea","15, 10",36.077385715601935,14.826322896822715,0,25000,NA
S09020101,15-5-2017,1,97,15570081,S,Songwe,Momba,S090201,0,1.618742568,NA,"improved, purchased",small trader,123552.69080685596,NA,NA,NA,1,"DAP, Urea ; SA (21:0:0)","150, 150 ; 200",85.25135665673061,18.532903621028392,0,490000,NA
S09020102,15-5-2017,1,98,15570093,S,Songwe,Momba,S090201,0,0.404685642,NA,"improved, purchased",stockist/ agent,2372211.663491634,NA,NA,NA,1,"DAP, Urea ; SA (21:0:0)","500, 500 ; 700",NA,NA,0,1710000,NA
S09020103,15-5-2017,1,100,15570146,S,Songwe,Momba,S090201,0,1.618742568,12.973032534719875,"local, recycled",own production,0,NA,NA,NA,1,"DAP, Urea","100, 200",67.95397994377078,12.355269080685595,0,362000,NA
S09020104,15-5-2017,1,96,15570041,S,Songwe,Momba,S090201,0,1.214056926,14.826322896822715,"local, recycled",own production,0,NA,NA,NA,1,"DAP, Urea","150, 150",79.07372211638781,24.71053816137119,0,270000,NA
S09020105,15-5-2017,1,99,15570136,S,Songwe,Momba,S090201,0,0.3035142315,16.473692107580792,"improved, recycled",own production,0,NA,NA,NA,1,"Urea, NA","35, NA",53.04528858641016,0,0,35000,NA
S09020106,15-5-2017,1,93,15570027,S,Songwe,Momba,S090201,0,1.618742568,18.780009002642103,"local, recycled",own production,0,NA,NA,NA,1,"DAP, Urea","50, 100",33.97698997188539,6.1776345403427975,0,150000,NA
S09020107,15-5-2017,1,94,15570034,S,Songwe,Momba,S090201,0,0.809371284,9.390004501321052,"local, recycled",own production,0,NA,NA,NA,1,"Urea, CAN (26:0:0)","50, 50",44.47896869046814,0,0,86000,NA
S09020108,15-5-2017,1,95,15570040,S,Songwe,Momba,S090201,0,1.618742568,18.532903621028392,"local, recycled",own production,0,NA,NA,NA,1,"DAP, Urea","150, 150",59.30529158729085,18.532903621028392,0,270000,NA
S09020201,15-5-2017,1,114,15573121,S,Songwe,Momba,S090202,0,1.214056926,NA,NA,NA,NA,NA,NA,NA,NA,NA,NA,NA,NA,NA,NA,NA
S09020202,15-5-2017,1,101,15572419,S,Songwe,Momba,S090202,0,0.3035142315,50.08002400704561,"local, recycled","own production, other field",0,NA,NA,NA,1,"DAP, NA","50, NA",29.65264579364543,NA,0,50000,NA
S09020203,15-5-2017,1,102,15572420,S,Songwe,Momba,S090202,0,0.404685642,27.181591977508308,"local, recycled",own production,0,NA,NA,NA,0,"none, NA","NA, NA",0,0,0,0,0
S09020204,15-5-2017,1,116,15583319,S,Songwe,Momba,S090202,0,3.237485136,27.79935543154259,"improved, purchased",small trader,83398.06629462777,3000,3000,NA,1,"DAP, Urea","350, 450",83.39806629462777,21.621720891199793,0,930000,NA
S09020206,15-5-2017,1,115,15583289,S,Songwe,Momba,S090202,0,1.214056926,57.657922376532774,"improved, purchased",small trader,403605.45663572947,7000.000000000001,7000.000000000001,NA,1,"DAP, Urea","350, 200",NA,NA,0,620000,NA
S09020207,15-5-2017,1,109,15572829,S,Songwe,Momba,S090202,0,2.832799494,NA,"improved, purchased",stockist/ agent,52951.153202938265,NA,NA,NA,1,"Urea, CAN (26:0:0) ; DAP","150, 50 ; 50",32.12369960978255,3.5300768801958844,0,272000,148263.22896822714
S09020301,15-5-2017,1,111,15572877,S,Songwe,Momba,S090203,0,2.225771031,53.913901442991694,"improved, recycled",own production,0,NA,NA,NA,0,"none, NA","NA, NA",0,0,0,0,NA
S09020302,15-5-2017,1,108,15572488,S,Songwe,Momba,S090203,0,1.214056926,12.355269080685595,"improved, purchased",stockist/ agent,69189.50685183934,5600.000000000001,5600.000000000001,NA,1,"DAP, Urea ; CAN (26:0:0) ; SA (21:0:0)","100, 50 ; 25 ; 50",47.77370711198431,16.473692107580792,0,312000,NA
S09020303,15-5-2017,1,112,15572879,S,Songwe,Momba,S090203,0,0.809371284,NA,NA,NA,NA,NA,NA,NA,1,"DAP, Urea","50, 50",39.53686105819391,12.355269080685595,0,120000,NA
S09020304,15-5-2017,1,107,15572483,S,Songwe,Momba,S090203,0,0.202342821,12.355269080685595,"local, recycled",own production,0,NA,NA,NA,0,"none, NA","NA, NA",0,0,0,0,NA
S09020305,15-5-2017,1,104,15572425,S,Songwe,Momba,S090203,0,0.404685642,24.71053816137119,"local, recycled",own production,0,NA,NA,NA,0,"none, NA","NA, NA",0,0,0,0,NA
S09020306,15-5-2017,1,103,15572422,S,Songwe,Momba,S090203,0,0.3035142315,16.473692107580792,"local, recycled",own production,0,NA,NA,NA,0,"none, NA","NA, NA",0,0,0,0,NA
S09020307,15-5-2017,1,113,15573106,S,Songwe,Momba,S090203,0,0.809371284,18.780009002642103,"local, recycled",own production,0,NA,NA,NA,1,"DAP, Urea","50, 50",39.53686105819391,12.355269080685595,0,108000,NA
S09020308,15-5-2017,1,105,15572465,S,Songwe,Momba,S090203,0,1.214056926,12.520006001761402,"local, recycled",own production,0,NA,NA,NA,1,"DAP, Urea ; SA (21:0:0)","100, 50 ; 50",42.41975717702054,16.473692107580792,0,215000,NA
S09020309,15-5-2017,1,110,15572831,S,Songwe,Momba,S090203,0,2.428113852,NA,"improved, recycled",own production,0,NA,NA,NA,1,"Urea, NA","150, NA",28.41711888557687,0,0,121000,NA
S09020310,15-5-2017,1,106,15572477,S,Songwe,Momba,S090203,0,1.214056926,14.826322896822715,"improved, purchased",stockist/ agent,82368.46053790397,5555.555555555556,5555.555555555556,NA,1,"DAP, Urea","150, 150",79.07372211638781,24.71053816137119,0,322000,NA
